comment,label
评估 双摄 强过 不输 拍照 用过 苹果 性能 是不是 真的 功能 觉得,相机功能多/强
屏幕 黑点 音质 拍照 充电 接口 三星 外观 漂亮 以外 除了 其他 可能 就是,拍照效果好
发几张 音质 拍照 不错 喜欢 方面,拍照效果好
拍照 模糊 手机 存好 屏碎 摔坏 摄像头 修好 前置 前段时间 相机 发现 聚焦 商家 怎么回事 请问 型号 保存 没有 负责 退出 进入 而且 之后 这是,拍照模糊/不清晰
前置 还是 问题 拍摄 光线 模糊 清晰 手里 样子 感觉 有点 你们 那么 知道 这样 这个,拍照模糊/不清晰
屏保 真机 一晒 外放 音质 拍照 发票 评测 不错 刚刚 最好 确实 真是 速度 一下 还有 这样 什么 可以 已经 一个,拍照效果好
你们 手机 挺好用 一边 特快 都还没 烫手 拍照 情况 这种 被子 发热 照片 一会 下面 反应 喜欢 看看 大家 一样 不会 但是 知道 这个 自己,拍照效果好
直播 柔光 播出去 自拍 脸像 马赛克 前置 买来 画面 有用 不行 效果 听说 有人 原因 完全 一样 所以 但是 因为 知道 什么,摄像模糊
缩略图 相册 但是 照片 不见 手机 文件 管理 没有,照片丢失
手机 屏幕 骁龙 滑动 可以 三星 音质 拍照 软件 闪退 运存 视频 文件夹 自带 耳机 可用内存 录制 音乐 没得说 移动 设置 字体 没有 安卓 听歌 一台 喜欢 亲戚 随意 相册 手指 营业厅 之前 对比 开灯 内存 内置 现在 黑色 一下 程序 直播 使用 界面 方面 手动 但是 个人 复制 画面 或者 出现 关闭 一点 这个 左右 一个 第三台 自启动 买手机 音乐文件 头戴式 软件程序 存在 落后 一样 下载速度 各有所爱 虽然 费电 自拍 图片 所以 县市级 第二台 数据线 双击 情况 入耳式 用安卓 微博 玩手 低配 酷狗 我试 我用 酷派 妈用 复制到 闲鱼 玩十来 偏冷 自启 偏暖 亿通 每款 卡过 过用 自占 官网 看离 看久 分屏 变焦 主播 还是 如果 问题 值不值得 成本 最近 确实 不足 里面 解锁 感觉 变淡 铁通 中等偏上 管理程序 外放 清晰度 一时冲动 氙气 主页 几款 实际 自己 闪光灯 粘贴 比较满意 智能手机 阻抗 来说 开机 支持 上架 多块 指纹 摄像头 另外 企鹅 后置 音量 三根 突飞猛进 看到 很多 处理器 剪切 宽带 火炬 不值 之光 比较 大大减少 一段话 韵味 大神 能比 卖点 应该 相互之间 明显 王者 触摸 要求 人声 腾讯 车窗 相互间 口水 联通 荣耀 芯片 白菜 数码 一两年 灵敏度 我妈 恢复正常 第一台 播放 萝卜 十倍 直观 推力 后台 不过 淘宝 开到 聊天 占用 头晕 一两个 歌曲 灵敏 体力 前天 两下,拍照效果好
相册 系统升级 大神 型号 命名 有没有 升级 怎么办 不见 昨天 系统 之后 发现 其他,照片丢失
充电 没用 四十分钟 充就 滋声 小时 滋滋 百分之二十 扬声器 后置 一个半 前置 拍照 很重 切换 往后 稍微 模糊 音乐 手机 不如 大约 第一次 很快 速度 一声 一点 基本 特别 过程 需要 开始 出现,拍照模糊/不清晰
新年礼物 太棒 这一看 该换 家父 先看 拍照 买来 过年 好多 大人 不错 手机 感觉 一下 特别 自己,拍照效果好
摄像头 前面 清楚,拍照模糊/不清晰
相册 照片 有没有 一下子 没有,照片丢失
照相 模糊 为什么 大家 这么,拍照模糊/不清晰
双摄 远处 清晰 虚化 摄像头 高清 前置 一样 景色 照片 不管 标准 办法 大家 特别 还是 这样 没有,拍照模糊/不清晰
求助 照片 弄完 相册 解密 私密 空间 以后 时候,照片丢失
今年过年 拍照 外出 旅游 不错 效果 选择 还是,拍照效果好
续航 王者 拍照 荣耀 屏幕 做工 同价位 几局 颜值 高帧 充电 价位 差点 合适 更好 不错 相同 综合 希望 考虑 选择 可是 就是,拍照效果好
储存卡 里面 相册 解密 私密 大神 照片 没有 不见 手机 为什么 空间,照片丢失
照片 微博 突然 找回 好心 有没有 保存 一样 怎么 知道 没有,照片丢失
防抖 前置 光学 没有,相机功能少/弱
录像 模糊 怎么样 黑白电视 慢镜头 每台 很多 花花 屏幕 清晰 像是 感觉 更加 大家 特别 一样 时候 知道,摄像模糊
录像 模糊 怎么样 黑白电视 慢镜头 每台 很多 花花 屏幕 急急 清晰 原本 像是 手机 感觉 更加 大家 特别 一样 时候 还是 知道 这样 就是,摄像模糊
模糊 小视频 微信 拍照 在线 感觉 为什么 一样 时候,拍照模糊/不清晰
手机 三格 只能 好点 一格 拍照 呵呵 最差 三星 一个多月 稍微 差距 感受 床上 信号 努力 感觉 一句 除了 很大 其他 这个,拍照效果好
重启 照片 本地 消失 求赐 刚买 昨天晚上 灰色 大师 下载 哪个 音乐 设置 几天 是不是 导致 结果 全部 一下 有关 情况 知道 什么 一个,照片丢失
拍照 光学 防抖求 我妈用 防抖 推荐 夜景 我妈 解析 拿来 演出 讨论 手机 晚上 经常 之前 特别 左右 但是 因为 主要 没有,拍照效果好
华为 入手 手机 两张 苹果 后置 朋友 用不惯 千五 码字 安卓 想换个 中配 离远点 屌丝 那种 两年 运行 导购 推荐 没用过 实体店 三千多 心血来潮 人脸 两千多 相中 太差 最起码 当时 王者 拍照 合影 分辨率 一直 荣耀 相机 用到 吃力 时候 看不清 慎重 但是 聚会 前年 前天 店里 垃圾 就行了 总会 稍微 模糊 尴尬 后悔 照片 性格 对比 没什么 实体 放大 差不多 图片 赶紧 下面 想着 不了 效果 晚上 配置 几天 经常 本来 喜欢 感觉 接着 有点 看看 属于 之前 后来 系统 结果 交易 一下 大家 比较 左右 那个 明显 价格 只是 所以 两个 如果 问题 一个,拍照模糊/不清晰
摄像头 电池 好看 音质 拍照 小米 芯片 屏幕 喜欢 流畅 外观 系统 不错 换机 很丑 截屏 分屏 充不 后会卡 美版 低电量 输个 配置 担心 下拉 价格低 华为 后置 劣质 关机 锤子 翻新 续航 大黑 极致 求助 大神 手感 用过 界面 开关 机身 太小 泛滥 问题 一台 密码 超级 缺陷 广告 总之 便宜 有没有 总结 怎么样 指导 不行 性能 进去 后面 曾经 电话 困难 科技 到底 人类 功能 不到 以下 有人 一下 几个 各种 价格 显示 一些 还有 知道 这样 可能 自己,拍照效果好
抓拍 魔镜 天猫 实体店 旗舰店 入手 电信 不能 哪些 之类 最近 购买 听说 另外 的话 一下 东西,相机功能少/弱
步步高 清楚 照相 感觉 为什么,拍照模糊/不清晰
说服 拍照 充电 秒杀 终于 顶呱呱 买手机 莱卡 手机 无敌手 加持 贬成 骁龙 闪充 中端 朋友 玩游戏 成功 下单 苦口婆心 拳打脚踢 点名 抢购 舍得 接口 花钱 开启 游戏 高端 想要 半天 放弃 讨论 配置 应用 速度 推荐 支持 国内 各种 为了 价格 没有,拍照效果好
苹果 完爆 内存 摄像头 价钱 垃圾 专利 处理器 拍照 运行 做工 价位 反倒 只有 工厂 没有 颜值 买美 八核 八缸 四核 比四缸 屌丝 效果 核心 高通 美国进口 定格 抄袭 富士康 汽车 代工 后置 大厂 一点 用料 卖到 反观 前置 小米 国际 外壳 太快 众所周知 值钱 企业 六大 良心 降价 傻子 第六 问题 一台 这样 一款 号称 高端 自己 居然 晓得 可怜 帝国 讨论 理由 反而 前后 不如 中国 合理 创新 速度 民族 注意 只能 希望 任何 不要 最后 达到 产品 一样 而且 所以 知道 已经,拍照效果好
好点 音质 拍照 屏幕 讨论 是不是 一个 好像 比较 那个,拍照效果好
屏幕 高通 指纹 处理器 前置 拍照 顶级 优点 不太能 尼玛 色温 装逼 低配 加双 度高 拖影 实体店 楼主 接受 够用 菜单 内存 后置 凑合 网页 纳米 发黄 点点 周六 不过 虚拟 做工 鲜艳 在线 充分利用 预定 还原 灰色 隐藏 尺寸 不太 长得 预算 就是 拿到 可以 可惜 色彩 讨论 降低 有点 实际 只能 使用 一样 一般 还有 不能 还是 知道 没有,拍照效果好
拍照 我用 店员 索尼 无聊 体验 厉害 对比 本人 讨论 手机 真的 看看 一下,拍照效果好
曲面 哦哦哦 吊打 堪比 蓝绿 闲着没事 惊艳 华为 大厂 拍照 小米 三星 着实 大街 优点 天天 机器 讨论 配置 昨天 有点 然而 发现 虽然 但是,拍照效果好
本人 拍摄 手机 拍照 华为 居然 对焦 光线 好看 不过 充足 基于 屏幕 识别率 流畅 体验 照片 边框 实体店 外景 老客户 色彩 还是 标价 需要 虽然 工作 廉价 瞬间 于是 锁定 风景 大量 比较 价格 放大 闪电侠 蛮高 差不多 移动 但是 尼玛 但本 上碎 想买个 人会 没坏 比贵 流氓软件 微信 题外话 泛白 越来越 满足要求 吃苦耐劳 选上 去逛 新手机 玩游戏 两百多 内景 出彩 首先 可以 一下下 白天黑夜 恨死 好点 发布 摄像头 木地板 时年 后置 主打 买不到 应该 大半年 三款 跟不上 要求 近距离 标配 掉下来 能用 单调 百度 比不上 饱满 到头来 到手 做工 两个 熟人 甘心 价位 垃圾 问题 十个 还原 还好 差点 没事 行走 删除 稍微 舒服 影子 通讯 打电话 后悔 不便 预算 看起来 不高 日常 白天 地图 想要 对比 安装 排除 两天 真实 进步 享受 信号 程序 区别 讨论 回家 发挥 遇到 后面 其次 不得不 总体 效果 晚上 两年 多次 当地 困难 质量 不足 直到 感觉 真的 精神 有点 速度 功能 反映 特点 保护 一年 并且 信息 连续 当然 以下 程度 其实 很大 来说 只要 不少 原来 另外 带来 后来 关于 完成 系统 觉得 进一步 完全 然后 几个 基本 左右 这么 当时 随着 生活 那么 使用 最大 一样 时候 重要 情况 开始 认为 不是 这个 什么 自己 没有 一个,拍照效果好
自拍 求助 大神 要求 要好看 问下 红版 贪吃蛇 效果 顺带 玩游戏 看中 外形 之类 老婆 怎么样 初步 手机 品牌 推荐 准备 一般 其他 由于 这个,拍照效果好
同价位 手子 我来 不亏 颜值 机子 跟得上 最惨 几款 华为 处理器 确确实实 拍照 小米 荣耀 先来 地带 讨论 手机 尤其 一下 很多 而且,拍照效果好
拍照 新年快乐 手机 颜值 不卡 卡出翔 厂妹 闪充 金立 屌丝 意见 运行 像素 玩游戏 求教 内存 大家 很多 还行 大神 买个 看中 负面 各位 高价 什么 评价 半年 老婆 红色 半天 网站 讨论 效果 配置 推荐 不到 原来 准备 直接 觉得 最后 要求 知道 现在 主要,拍照效果好
拍照 强机 体验 极致 与众不同 带给 有话 方方面面 谈起 便会 这款 一刻 一款 物品 趋于 清晰 我们 做到 红色 便是 手机 一件 主张 如何 这么 人们 那么 就是,拍照效果好
横评 续航 手机 拍照 极为 国产手机 堆栈 联合开发 智能手机 新品 该机 表现 转眼间 今年 众所周知 涌现 传感器 不俗 水准 搭载 价位 一大批 国产 下旬 出色 经典 举办 优秀 网站 回头 令人 共有 近日 著名 推出 年底 内部 想到 这次 拥有 然而 发布 不仅 能力 的话 来看 一次 国内 产品 发现 因此 其中 由于 已经 我们 市场 没有,拍照效果好
用户 年轻 时尚 红色 赛诺 手机 赏析 版美图 高颜值 外观设计 如今 即将来临 拍照 新年 对于 首选 喜爱 出色 体验 创立 一线 追求 之际 自从 消费者 最新 品牌 满足 更是 推出 目标 报告 于是 最高 来说 城市 大量 受到 特别 以来 为了 进入 一直 显示 根据 研究 时候 作为 以及 就是 主要 市场,拍照效果好
基友们 录像 照相 路边 模糊 清晰 有没有 清楚 感觉 那么 还有 不是,拍照模糊/不清晰
基友们 录像 照相 路边 模糊 清晰 有没有 清楚 感觉 那么 还有 不是,摄像模糊
拍照 模糊 你们,拍照模糊/不清晰
近景 大神 拍照 如图 远景 毛病 模糊 检测 手机 清楚 为什么 非常 比较 知道,拍照模糊/不清晰
对焦 手动 夜间 原图 模式 炫光 对不上 焦距 屏幕 点击 成像 压缩 理想 调节 图片 不行 感觉 根本 整体 尤其 控制 必须 一般,夜拍拍摄效果差
拍照 近距离 模糊 对焦 你们 一样,拍照模糊/不清晰
夜景 拍照 模式 为什么,相机功能少/弱
照片 误删除 相册 无故 咋办 丢失 情况 好好 绝对 一张 竟然 下午 晚上 里面 这种 没有,照片丢失
炫光 调教 拍手 后期 模式 严重 这是 还是 问题,夜拍拍摄效果差
红色 自拍 版遭 开卖 芳心 全网 标价 卖得 抢购 出众 一款 时尚 已于 赢得 年轻人 明星 性能 强大 理由 广大 设计 统一 正式 能力 产品 作为 以及,拍照效果好
红色 自拍 版遭 开卖 芳心 全网 标价 卖得 抢购 出众 一款 时尚 已于 赢得 年轻人 明星 性能 强大 理由 广大 设计 统一 正式 能力 产品 作为 以及,拍照效果好
清新 视频 怎么回事 看着 那么 怎么 不是,摄像模糊
时尚 红色 拍照 新年 刷屏 明星 特别版 杨幂 微博上 苏芒 配色 售罄 礼盒 非常 很多 限量 热度 大红 定制 女王 潮流 一时间 短时间 而后 送给 认可 兴起 用来 手机 消费者 效果 朋友 喜欢 推出 年底 联合 加上 设计 首先 受到 觉得 关注 得到 所以 因为 同时,拍照效果好
夜景 相机 为啥 更新 模式 系统 你们 没有,相机功能少/弱
红色 自拍 版遭 开卖 芳心 全网 标价 卖得 抢购 出众 一款 时尚 已于 赢得 年轻人 明星 性能 强大 理由 广大 设计 统一 正式 能力 产品 作为 以及,拍照效果好
模糊 美颜 但成 相后 摄像 高清 人像 拍照 相机 入手 两天 前后 不管 相对 特别 明显 发现 一些 问题,拍照模糊/不清晰
摄像头 女票 机子 大神 前置 相机 元旦 模糊 清晰 感觉 解决 关于 特别 怎么 还是 问题 自己,拍照模糊/不清晰
快门 手抖 抓拍 拍照 假如 这点 模糊 照片 一会 手机 立即 反应 不好 为什么 而是 你们 所以 不能 问题 这样 就是,相机功能少/弱
随手 原图 比强 刚买 前张 效果 个人感觉 摄像头 拍出 剪裁 几张 两张 摄影 发觉 大伙 照片 太多 黑色 下面 真是 大小 相当 看看 之前 非常 一直 对于 进行 这个,拍照效果好
前置 模糊 很清 后置 沙沙 不清 那种 感觉,拍照模糊/不清晰
棒棒 京东 拍照 同事 宝贝 速度 就是,拍照效果好
超棒 照相 宝贝 值得 购买,拍照效果好
自拍 手机 超好 表妹 支持 稀饭 买个 盒子 摸索 再用 感叹 好看 高大 等到 红色 颜色 效果 本来 功能 终于 看见 结果 看到 觉得 那个 这个 他们,拍照效果好
很漂亮 解锁 指纹 拍照 一拍 到手 随手 这款 苹果 后悔 手机 朋友 本来 很快 真的 推荐 结果 重要,拍照效果好
用下 没用过 小黑 试试 苹果 我家 从来 不错 本来 其实 后来 发现 以后 继续,拍照效果好
棒棒 本命年 鸿运 红红 拍照 当头 流畅 红色 喜欢 运行,拍照效果好
超好 本命年 拍照 好看 效果,拍照效果好
新年礼物 本命年 拍照 新年 遗憾 送给 高大 满意 上去 图片 手机 效果 喜欢 真的 自己,拍照效果好
红色 自拍杆 本命年 真的 功能强大 音箱 赠品 夜景 配件 新年 照相 好看 高大 主题 不错 不用 专门 里面 清楚 感觉 特别,相机功能多/强
不错 能存 试拍 够快 圆滑 夜景 拍照 占用 其它 手机 反应 运行 实际 系统 非常 达到 一些,拍照效果好
手机 闪退 小哥 误操作 杠杠 快递 原因 拍照 流畅 苹果 软件 物流 客观 评论 几次 不错 效果 确实 速度 比较 但是 情况 还是 知道,拍照效果好
毛豆 真棒 超好 超薄 耳机 按键 轻巧 拍照 触摸 礼品 苹果 热情 手机 那种 中间 喜欢 下去 不再 服务 很多 比较 一样 还有 就是,拍照效果好
毛豆 真棒 超好 超薄 耳机 按键 轻巧 拍照 触摸 礼品 苹果 热情 手机 那种 中间 喜欢 下去 不再 服务 很多 比较 一样 还有 就是,拍照效果好
不卡顿 比酷 好用 内存 充电 照相 舒服 好多 晓得 手机 运行 很快 速度 功能 起来,相机功能多/强
通话 苹果 最新版 样张 很爽 国产机 国产手机 玩游戏 伤透 再接再厉 拍照 充电 一改 真心 拍摄 缺点 常规 电视 可以 出门 观念 以往 电影 更新 足够 不错 放心 手机 观察 效果 确实 应用 担心 真的 终于 解决 稳定 你们 正在 最后 各种 其他 不过 所以 同时 问题 这个 没有,拍照效果好
手机 安卓好 杠杠 麻麻 喜欢 上手 照相 评价 颜色 一段时间 其他 表示,拍照效果好
很漂亮 照相 一流 舒服 想象 手机,拍照效果好
自拍 美颜 效果 预想 相机 老公 苹果 好多 清晰 那样,美颜效果好
低配 玩游戏 音质 对得起 拍照 外观 高价 漂亮 反正 差别 总体 感觉 别人 其实 来说 对于 这种 可以,拍照效果好
不错 美颜 很棒 高清 两分钟 通话 美观 时尚 小时,美颜效果好
不错 不赖 那样的话 手感 充电 长相 照相 做成 苹果 这个 更好 不管 还是,拍照效果好
点赞 小哥 快递 相片 流畅 画面 春节 辛苦 清晰 休息 不错 效果 真的 使用 不能,拍照效果好
自拍 不错 专给 拍照 界面 那样 人士,拍照效果好
京东 手机 不错 买过 拍照 耐用 物流 很快 这次 以前 希望 这个 可以,拍照效果好
拍照 清楚 想象 黑色 一部 不错 不如 感觉 就是,拍照模糊/不清晰
不错 超快 服务态度 发货 非常 拍照 款式 满意 配置 选择,拍照效果好
不错 朋友 很漂亮 拍照 手机 喜欢,拍照效果好
拍照 好看 不错,拍照效果好
拍照 强大 不错,拍照效果好
油光 拍照 不错,拍照效果好
拍照 超级 不错 效果,拍照效果好
没得说 拍照 耐用 电池 收到 不错 手机 效果,拍照效果好
拍照 不错 特别,拍照效果好
手机套 拍照 评价 更好 不错 手机 几天 要是 喜欢,拍照效果好
正品 手机套 不错 赠品 下单 附带 拍照 宝贝 放心 手机 反应 喜欢 很快 担心 或者 以后 时候 问题 不是 一个,拍照效果好
不卡 玩游戏 电量 王者 拍照 耐用 荣耀 好看 不错 样子,拍照效果好
很漂亮 照相 不错,拍照效果好
照相 不错 效果 运行 速度,拍照效果好
照相 一级 不错 效果 喜欢,拍照效果好
自拍 不错 挺好用,拍照效果好
卡要 照片 最小 不错 效果 几天 感觉 出来 就是,拍照效果好
待机时间 没得说 不错 没调 安卓机 清楚 像素 配色 全金属 赠品 手感 拍照 性价比 充电 总的来说 配送 屏幕 录像 机身 说好 流畅 价钱 好看 电池 不太 清晰 对比 手机 几天 是不是 相当 不少 另外 不知 系统 非常 一起 没有,摄像模糊
颜值 发照 正品 老妈 拍照 下次 开心 不错 手机 时间,拍照效果好
光顾 照相 下次 老婆 还会 不错,拍照效果好
好用 神器 拍照 不错 非常,拍照效果好
国产手机 手机 拍照 太好了 屏幕 好比 苹果 好多 高点 不错 最好 越来越 希望 价格 就是,拍照效果好
发货 拍照 不错 手机 很多 东西,拍照效果好
照相 好看 不错 喜欢 可以,拍照效果好
特别 选挺 音质 拍照 体贴 客服 清澈 耐心 好多 半个 信号 充满 模式 效果 小时 服务 不到 还有 可以,拍照效果好
苹果 检测 拍照片 颜控 滑屏 薄轻 手挺 会卡 喜欢 下单 发货 售后 按钮 拍照 毫不犹豫 着想 样式 惊喜 偶尔 犹豫 拿到 那天 红色 确认 几次 颜色 不错 承认 放心 手机 不得不 效果 昨天 本来 很快 服务 建议 今天 非常 看到 然后 那个 所以 问题 就是 这个,拍照效果好
电池容量 没得说 满格 超快 卡顿 冲满 想冲 解锁 指纹 随时随地 很多 拍照 充电 周到 客服 细心 节约 细腻 画面 清晰 信号 不行 手机 效果 小时 速度 服务 之前 任何 一直 时间 问题 没有,拍照效果好
正品 包包 耗电 拍照 充电 如图 礼品 颜色 效果 喜欢 很快 整体 来说 应该 还是 不是 就是 可以,拍照效果好
待机时间 费电 美颜 不卡 那慢 非常 拍照 充电 流畅 自动 不错 手机 感觉,拍照效果好
可以,相机功能少/弱
不愧 拍摄 手机,拍照效果好
拍照 单反 堪比 焦距 内存 充电 不愧 镜头 流畅 充足 手机 效果 非常 使用 而且,拍照效果好
没得说 刚用 还行 拍照 不愧 接收 信号 手机 别的 感觉 一天 那么 方面 不是,拍照效果好
微信 同时在线 指纹识别 比好 家买 分身 之前 指纹 照相 两个 流畅 两周 特意 同学 评价 方便 手机 不了 第三 经常 一件 确实 应用 真的 或者 来说 支持 系统 对于 发生 时候 还有 问题 这样 不是 就是 自己 他们 可以 已经 没有 一个,拍照效果好
快递 微信 同时在线 指纹识别 比好 家买 分身 之前 指纹 十分 两三天 客服 照相 解答 两个 流畅 惊喜 两周 耐心 特意 感谢 有事 打电话 同学 在家 门前 评价 方便 上午 手机 不了 第三 下午 经常 一件 本来 确实 应用 真的 或者 来说 支持 系统 结果 对于 发生 时候 还有 问题 这样 不是 就是 自己 他们 可以 已经 没有 一个,拍照效果好
耗电 拍照 充电 电池 细节 方便 习惯 不错 晚上 几天 喜欢 真是 出来 包括 时间 开始 主要,拍照效果好
峰峰 颜值 同款 李易峰 小迷妹 代言 飞起 拍照 充电 最最 蜜蜂 快快 快到 为啥 一枚 手机 是因为 本身 当然 选择 不要 一点 重要 起来,拍照效果好
苹果 白打 颜值 不卡 咧咧 说句实话 眼馋 连胜 自我感觉 续航 丢人 王者 拍照 充电 耐用 真心 半点 声誉 国产 广告 总之 没什么 明星 一级 黑色 性能 区别 不用 众多 小时 感觉 速度 不到 之前 直接 这么 影响 不是 这个,拍照效果好
苹果 白打 颜值 不卡 咧咧 说句实话 眼馋 连胜 自我感觉 续航 丢人 王者 拍照 充电 耐用 真心 半点 声誉 国产 广告 总之 没什么 明星 一级 黑色 性能 区别 不用 众多 小时 感觉 速度 不到 之前 直接 这么 影响 不是 这个,拍照效果好
拍照 模糊 一段时间 手机 感觉 为什么 知道,拍照模糊/不清晰
非常 买手机 手机 易购 无息 新手机 发货 音质 五分钟 贴心 出厂 拍照 充电 通话 分期 苏宁 外观 国产 全新 透明 漂亮 干净 不算 评论 怎么样 一段时间 不错 效果 几天 小时 第一次 运行 速度 希望 压力 支持 不知 保持 可以,拍照效果好
手机 摄像 续航 好评 流畅 评价 不错 几天 功能 还是,相机功能多/强
不错 美颜 大爱 听歌 蓝牙 自带 拍照 无聊 音响 手机 总体 几天 感觉 功能 影响,相机功能多/强
手机 很赞 很棒 很漂亮 拍照 耐用 新年 硬件 流畅 这款 还是 右边 外观 左边 光线 差不多 配置 两年 相信 真的,拍照效果好
没得说 当天 确实 速度 送货 充电 新年 预约 照相 遗憾 老婆 效果 喜欢 特别 有些 产品 之后,拍照效果好
闪充 卸载 玩游戏 指纹 不掉 嫌弃 拍照 好评 时会 好看 下载 程序 多个 效果 两年 应用 运行 以前 几个 以上 同时,拍照效果好
自拍 超棒 杠杠 全家 效果 现在,拍照效果好
拍照 充电 程序 不错 启动 效果 迅速,拍照效果好
三星 本命年 铁粉 感觉 部手机 换过 音质 内存 拍照 性价比 喜庆 试用 新年 播放 耀眼 冲着 外观 好多 全是 音乐 红色 不错 手机 总体 效果 第一次 真的 这次 以前 十分 而且 可以,拍照效果好
地好 真机 像素 好用 裸奔 非常 手感 拍照 定制 冲着 好看 体验 想象 红色 前后 真的 还要 系统 准备,拍照效果好
还行 拍照 冲着 外观 好看 的确 运行 有点,拍照效果好
拍照 流畅 手机 听歌 下单 音质 主打 这么 电量 充电 一整天 屏幕 苹果 好多 早上 物流 送到 充满 当天 不错 绝对 效果 下午 小时 肯定 速度 操作 服务 一年 非常 基本 左右 可以 一个,拍照效果好
真心 给力 充电 游戏 单反 抗用 装逼俩 牛逼透 小时 运行 大屏幕 不亦乐乎 嗷嗷 高清 内存 非常 拍照 录像 客服 流畅 不用说 一台 电池 老婆 分钟 一人 果然 效果 态度 实在 最好 真是 速度 一天 还是,拍照效果好
玫瑰 拍照 充电 还好 不错 总体 来说 不是 可以,拍照效果好
国货 拍照 充电 飞快 好看 不错 值得 购买 非常,拍照效果好
拍照 流畅性 强大 音质 内存 续航 充电 耐用 买来 流畅 电池 不错 值得 效果 几天 真的 速度 操作 拥有 以前 能力 而且,拍照效果好
音质 拍照 信号强度 效果 充电 清澈 好多 半个 信号 充满 模式 小时 速度 不到 特别 还有 可以,拍照效果好
拍照 音质 充电 流畅 流畅性 手机 听歌 效果 速度 操作 续航 主打 这么 电量 一整天 屏幕 苹果 好多 充满 不错 绝对 小时 肯定 一年 能力 非常 基本 左右 可以 一个,拍照效果好
充电 流畅性 不错 信号强度 挺快 速度 音质 拍照 顺畅 效果 操作 还是,拍照效果好
音质 续航 拍照 充电 流畅性 亚于 不错 手机 卡用 用天 速度 国货 纠结 神速 系统 好多天 好长时间 不会 流畅 买家 一款 苹果 失望 充满 绝对 效果 小时 正常 操作 这次 以前 考虑 支持 能力 非常 不要 左右 一般 问题 不是 就是 一个,拍照效果好
充电 非常 音质 拍照 效果 待机时间 信号强度 速度 续航 耐用 电池 信号 不用 稳定 能力,拍照效果好
音质 拍照 流畅性 信号强度 所送 效果 强些 速度 真快 音箱 充电 流畅 所用 也好 信号 不错 手机 真的 操作 之前 目前 这个,拍照效果好
不错 流畅性 信号强度 闪充 很快 解锁 续航 一个半 电量 拍照 充电 苹果 消耗 信号 房子 效果 小时 速度 操作 能力 还是,拍照效果好
流畅性 信号强度 续航 拍照 充电 流畅 很长 效果 很快 速度 操作 能力,拍照效果好
流畅性 信号强度 音质 拍照 充电 清新 不错 效果 很快 速度 操作,拍照效果好
流畅性 续航 拍照 充电 效果 速度 操作 能力,拍照效果好
流畅性 信号强度 续航 拍照 充电 效果 速度 操作 能力,拍照效果好
音质 续航 拍照 流畅性 单反 蛮快 可以 充电 游玩 清晰 效果 反应 速度 操作 能力 还是,拍照效果好
效果 拍照 充电 不错 确实 速度,拍照效果好
国产手机 音响效果 菜单 内置 内存 耳机 手感 拍照 触摸 充电 通话 简洁 流畅 外观 上网 舒服 时尚 满意 程序 强大 很少 不错 手机 反应 运行 真是 很快 越来越 速度 功能 操作 系统 使用 起来,拍照效果好
顺丰 自拍杆 国产手机 很快 速度 蓝牙 音响效果 赠品 收纳 发货 菜单 快递 内置 内存 店家 耳机 手感 拍照 触摸 充电 通话 音响 简洁 流畅 惊喜 外观 上网 舒服 时尚 满意 第二天 程序 强大 很少 不错 手机 反应 运行 真是 越来越 功能 操作 系统 很多 使用 起来,拍照效果好
音质 拍照 流畅性 屏保 没得说 信号强度 点不动 效果 速度 充电 怎么回事 不错 有时 有点 操作 声音 原因 比较 还是 知道 就是,拍照效果好
流畅性 信号强度 防抖动 挺快 摄像头 还行 续航 前置 拍照 充电 流畅 可以 方便 不错 效果 速度 功能 操作 能力 比较 提高 起来 目前,拍照效果好
流畅性 非常 拍照 充电 效果 速度 操作 可以,拍照效果好
亚于 不错 手机 卡用 用天 字赞 国货 音质 纠结 神速 系统 好多天 续航 店家 好长时间 拍照 充电 不会 流畅 买家 礼物 一款 苹果 好多 失望 充满 绝对 小时 一个 速度 正常 这次 服务 以前 考虑 支持 非常 不要 左右 一般 问题 不是 就是,拍照效果好
很棒 音质 待机时间 附赠 电池容量 美颜 闪冲 微博微 大爱 百分之六十 蓝牙 二十分钟 快递 自带 耳机 拍照 充电 不成问题 两三天 音响 解答 设定 哈哈 耐心 很长 到位 可以 清晰 信用 咨询 不错 模式 效果 确实 真是 真的 速度 功能 正常 服务 非常 完全,拍照效果好
充电器 真不错 色彩鲜艳 充电 出外 照相 移动 再也 不用,拍照效果好
使用率 触感 赠品 摄像头 下课 三件 第三天 灵敏 上部 到位 细节 各类 不错 前后 基本,拍照效果好
网查 从官 双待 下码 双卡 太棒了 正品 照相 顺手 无疑 方便 喜欢 真的 一定 起来,拍照效果好
热情周到 安卓 国产手机 很快 解锁 真的 甜甜 指纹 换回 非常 好使 好大 拍照 充电 客服 音响 购物 苹果 感谢 满意 颜色 进步 不错 手机 速度 这次 服务 最后 发现 现在,拍照效果好
收货 堂嫂 美颜 我要 下单 快递 代收 十一个 京东 只用 耐心 嘱咐 收获 就让 地点 方便 不错 效果 实在 小时 喜欢 马上 速度 特别 时间 因为 自己,美颜效果好
好评 颜值 非常 不错 回头率 惊艳 出去玩 应景 非常容易 拍出 礼盒 上手 手感 拍照 送礼 使用 新年 预售 嘻嘻 快到 时候 随手 预定 首选 宝贝 春节 全新 照片 高大 高端 看上去 大气 收到 红色 轻轻 颜色 手机 一张 几天 第一次 第一 只要 系统 而且 虽然 方面 作为 但是 时间 还有 重要 自己 可以,拍照效果好
没得说 最棒 很赞 解锁 惊艳 指纹 照相 灵敏 电池 包装 完美 三天 颜色 手机 打开 以上,拍照效果好
不要 佳能 不卡 真机 尼康 杠杠 法拉利 支持 拍照 国产 物流 打开 喜欢 真的 速度 看见 一点 超过 起来,拍照效果好
打游戏 好卡 很棒 照相,拍照效果好
拍照 新年 好看 适合 红色 效果,拍照效果好
手机 喜欢 方便 解锁 一秒 外包装 音质 指纹 拍照 类产品 不得了 顺手 外观 一款 实用 超级 高大 漂亮 满意 收到 红色 颜色 网上 打开 购买 第一次 特别 还有 就是,拍照效果好
赞赞赞 很棒 拍照 充电 好看 超级 红色 真的 东西,拍照效果好
大爱 好用 非常 拍照 信赖 牌子 漂亮 不错 关键 值得 十分 特别,拍照效果好
手机 大屏 内存 不错 拍照 功能 自拍 充满 美颜 歌听 安卓 运存 电只 太逆天 玩能 真点 萌萌 杠杠 喜欢 感觉 客户端 玩游戏 挺大 摄像 摄像头 中关村 电量 充电 用过 成像 秒杀 摸索 做工 可得 在线 下手 一款 缺点 完美 优点 体验 照片 下载 清晰 厉害 扩展 评论 总结 无论 赶紧 暂时 绝对 效果 小时 样子 真是 速度 正常 一天 声音 之前 支持 只要 非常 很多 左右 还是 现在 这个 自己 一个,拍照效果好
大屏幕 拍照 舒服 不高 本人 不错 看着 要求,拍照效果好
太帅 打游戏 大屏 没话说 内存 拍照 看电视 两周 之类 评价 平时 不错 手机 总体 值得 新闻 更是 运行 推荐 完全 特别 问题,拍照效果好
完美 大运 续航 自带 拍照 充电 流畅 软件 很少 很快 非常 的话 一点,拍照效果好
屏幕 要调 失真 拍照 充电 耐用 通话 款式 好看 电池 不然 这个 想象 分钟 角度 几天 小时 喜欢 一下 比较 当时 但是 因为 可能 没有,拍照效果好
当天 反应速度 音质 拍照 好评 物流 不错 手机 效果 速度,拍照效果好
很快 收到 当天 手机 不卡 顺丰 解锁 玩游戏 发货 指纹 拍照 物流 总之 清晰 两天 第二天 不错 功能 几乎 然后 还是,相机功能多/强
薄够 杠杠 爱不释手 很漂亮 拍照 外观 国产 拿到 中午 第二天 当天 晚上 支持,拍照效果好
棒棒 当天 当自 安卓机 室友 下单 专属 拍照 相机 新年 付款 哈哈 好看 送到 效果 下午 第一次 喜欢 一起 完全 使用 可以,拍照效果好
手机 免测 安免 领券减 有点 下单 很漂亮 幸好 照相 当晚 发热 就是 物流 上年 厉害 收到 第二天 性能 不错 总体 有时 很快 别人 速度 是否 来说 价格 使用 还是 知道 这样 可以,拍照效果好
到货 很漂亮 拍照 品质 手机 值得 推荐 迅速,拍照效果好
试一下 到货 拍照 高大 不错 马上 起来,拍照效果好
手机 不错 收到 国产手机 快递 屏幕 照相 美观 礼物 媳妇 三天 合适 喜欢 很快 大小 支持,拍照效果好
超赞 华为 不相上下 拍照 小米 秒杀 到手 同事 大大 效果 手里 真的 预期 超过,拍照效果好
内存 拍照 意料 出乎 足够 的确 效果,拍照效果好
手机 耳机 点儿 包装 线控 手机套 数据线 上档次 满意 赶不上 一曲 可以 居然 地摊货 大气 不行 星是 一充 再长 挺好用 虚高 不起 吐槽 解锁 小盒 看看 就是 配不上 中肯 马路边 大写 等等等等 音质 个人收入 一个样 啥意思 舒坦 等不及 续航 出厂 桥下 没有 拍照 最最 使用者 先说 诚意 出奇 真心 一概 暴力 这款 外观 再有 一款 好看 虽说 优点 个性 那人 无关 电视 便宜 不满 拿出 简直 赶紧 消费者 绝对 当年 实在 朋友 身边 成本 真是 大小 速度 这次 一天 声音 接受 来说 心里 非常 一下 水平 觉得 应该 之一 那么 价格 一样 时候 其他 不过 这种 不是 这个 我们 一个,拍照效果好
手机 耳机 点儿 包装 线控 手机套 数据线 上档次 满意 赶不上 一曲 可以 居然 地摊货 大气 不行 星是 一充 再长 挺好用 虚高 不起 吐槽 解锁 小盒 看看 就是 配不上 中肯 马路边 大写 等等等等 音质 个人收入 一个样 啥意思 舒坦 等不及 续航 出厂 桥下 没有 拍照 最最 使用者 先说 诚意 出奇 真心 一概 暴力 这款 外观 再有 一款 好看 虽说 优点 个性 那人 无关 电视 便宜 不满 拿出 简直 赶紧 消费者 绝对 当年 实在 朋友 身边 成本 真是 大小 速度 这次 一天 声音 接受 来说 心里 非常 一下 水平 觉得 应该 之一 那么 价格 一样 时候 其他 不过 这种 不是 这个 我们 一个,拍照效果好
手机 耳机 点儿 包装 线控 手机套 数据线 上档次 满意 赶不上 一曲 可以 居然 地摊货 大气 不行 星是 一充 再长 挺好用 虚高 不起 吐槽 解锁 小盒 看看 就是 配不上 中肯 马路边 大写 等等等等 音质 个人收入 一个样 啥意思 舒坦 等不及 续航 出厂 桥下 没有 拍照 最最 使用者 先说 块钱 诚意 出奇 真心 一概 暴力 这款 外观 再有 一款 好看 虽说 优点 个性 那人 无关 电视 便宜 不满 拿出 简直 赶紧 消费者 绝对 当年 实在 朋友 身边 成本 真是 大小 速度 这次 一天 声音 接受 来说 心里 非常 一下 水平 觉得 应该 之一 那么 价格 一样 时候 其他 不过 这种 不是 这个 我们 一个,拍照效果好
非常 寸大屏 很赞 玩游戏 内存 过瘾 手感 拍照 到手 电影 黑色 强大 几天 喜欢 感觉 终于,拍照效果好
黑色 听歌 喜欢 流畅 一点点 非常 电影 安卓 运存用 一充 画质 寸大屏 显得 机子 解锁 像素 客户端 存储容量 玩游戏 好用 比较满意 音质 指纹 要强 过瘾 中关村 重量轻 手感 拍照 充电 相机 陪伴 屏幕 而且 到手 灵敏 气质 偏高 在线 精致 外观 缺点 电池 优点 有时候 打电话 不止 照片 看起来 下载 高端 可以 清晰 总结 色彩 两天 真实 一部 进步 不错 手机 值得 绝对 效果 反应 运行 速度 这次 拥有 看着 过来 一天 终于 整体 接受 很大 很多 东西 最后 一直 价格 一样 不过 就是,拍照效果好
手机 挺好用 多才 蓝牙 音箱 电量 拍照 小巧 多天 大气 红色 性能 方便 一半 第一次 喜欢 一天 终于 那么 只有 方面 一个,拍照效果好
手机 音质 这么久 拍照 大红 稀少 刚好 收到 更好 喜欢 很快 反映 终于 一年,拍照效果好
照相 第二次 强大 不错 确实 功能 非常,相机功能多/强
拍照 一如既往 超级 赞赞赞 效果 百分之五 蓝牙 新手机 电量 充电 分辨率 用到 六十 音响 随机 有时候 清晰 音乐 简直 第二次 享受 充满 手机 不用 小时 喜欢 真的 一天 希望 来说 自然 如此 而且 对于 一定 还有 不能 这种 这样 不是 一个,拍照效果好
拍照 手机 大爱 真心 牌子 宝贝 第二次 不错 每天 感觉 特别 这个,拍照效果好
手机 拍杆 蓝牙 喜欢 总之 买手机 棒棒 官网 超爱 色差 很快 摔成 音箱 音质 摔跤 耳机 拍照 屏幕 赠送 一台 完美 物流 期待 收到 黑色 第二次 颜色 没有 要是 运行 功能 这次 拥有 以来 一直,相机功能多/强
更上一层楼 再接再厉 手感 拍照 一阵子 外观 家人 评价 手机 第一次 希望 非常 一个,拍照效果好
美颜 不卡顿 美美 贴心 拍照 充电 通话 相机 客服 更改 耐心 地址 帮忙 高大 媳妇 清晰 分钟 音乐 几次 信号 不错 手机 果然 值得 不用 刚刚 小时 购买 第一次 真的 之前 一次 一个,拍照效果好
第一次 评论 手机 机子 喜欢 试了试 京东 超乎 不靠 拍照 换个 一直 迫不及待 不用说 追加 满意 想象 收到 接触 不错 后期 网上 打开 刚刚 很快 担心 有点 速度 一年 三个 之前 支持 结果 看到 东西 这么 有些 但是,拍照效果好
买用 照相 不错 效果 几天 第一次,拍照效果好
不错 很漂亮 处理器 照相 手机 配置 第一次 尤其 虽然 但是 起来,拍照效果好
手机 全分 赠品 店家 相机 包装 满意 怎么样 完整 不错 几天 样子 第一次 感觉 功能 看看 整体 很大 很多,相机功能多/强
听歌 拍照 舒服 杠杆 第一次,拍照效果好
手机 颜值 照相 一些 哈哈 第一次 感觉 东西,拍照效果好
手机 经用 能出 惊艳 实在话 十多天 意料 照相 出奇 出乎 骄傲 开心 苹果 优质 几年 品牌 等等 反应 第一次 感觉 感到 系统 国内 过程 产品 使用 这种 这个 我们,拍照效果好
买手机 手机 易购 发过来 新手机 赠品 发货 音质 五分钟 非常 贴心 出厂 拍照 充电 通话 分期 苏宁 外观 国产 全新 透明 漂亮 干净 评论 不错 效果 小时 第一次 一天 压力 支持 时候 什么 可以,拍照效果好
买手机 不错 蓝牙 音箱 音质 鸡肋 拍照 做工 礼物 携带 便于 绝对 配置 第一次 真的 尤其 很多 那个 预期 超过 不是 一个,拍照效果好
棒棒 声控 很棒 拍照 手机 效果 第一次 那么 还是 起来,拍照效果好
买手机 老婆 京东 拍照 特意 评价 两天 第一次 喜欢 非常 特别,拍照效果好
买手机 满意 小女生 机子 担心 拍照 发现自己 多余 礼物 上网 拿到 女儿 效果 本来 第一次 喜欢 运行 很快 速度 非常 有些 以后,拍照效果好
自拍 摄像 后置 拍照 摸索 外观 特意 体验 漂亮 方便 手机 效果 第一次 很快 速度 功能 首先 很大 非常 特别 使用 重要 起来 就是,拍照效果好
手机 国产手机 国际品牌 不输 打造出 眼前一亮 超高 拍照 性价比 胜过 加油 骄傲 国人 厂家 包装 无论是 品牌 效果 第一次 速度 当前 希望 一点 国内 使用 继续 还是,拍照效果好
棒棒 很赞 红拿着 很拉风 玩游戏 拍照 新年 流畅 外形 手机 第一次 设计,拍照效果好
功能强大 续航 拍照 充电 完美 外形 漂亮 两天 第一次 喜欢 正常 能力 非常 使用 问题,相机功能多/强
低音炮 不错 手机 我换 我用 不卡顿 喜欢 赠品 拍照 充电 而且 客服 哈哈 还给 评价 半个 记得 总体 效果 第一次 很快 感觉 之前 其实 来说 一个,拍照效果好
再试一下 照相 到时候 手机 晚上 第一次 功能 看着 可以,相机功能多/强
照相 不错 手机 第一次 感觉 功能 特别,相机功能多/强
手机 拍照 收到 很爽 不卡顿 杠杠 玩游戏 很漂亮 充电 看电视 顺畅 屏幕 外观 高大 物流 清晰 呼吸 黑色 不错 效果 一眼 第一次 运行 很快 感觉 一只 过来 就是 没有,拍照效果好
手机 收到 不卡顿 盲插 杠杠 隔天 国产品牌 越做越 希望 认准 拍照 充电 顺畅 高大 物流 黑暗 黑色 改进 方便 不错 效果 唯一 一眼 第一次 运行 很快 感觉 方向 还要 支持 能够 一点 就是 我们,拍照效果好
手机 国货 拍照 好评 实物 照片 漂亮 黑色 效果 第一次 尤其 支持,拍照效果好
超酷 买前 像素 惊艳 摄像头 操作系统 拍照 真心 一流 外观 特意 清晰 满意 两天 熟悉 吸引 手机 效果 第一次 感觉 正在,拍照效果好
放歌 拍照 充电 哈哈 失望 总之 也好 满意 手机 反应 第一次 很快 声音 不是,拍照效果好
手机 收到 不卡顿 盲插 杠杠 国产品牌 越做越 希望 认准 拍照 充电 顺畅 高大 物流 三天 黑暗 黑色 改进 方便 不错 效果 唯一 一眼 第一次 运行 很快 感觉 方向 还要 支持 能够 一点 就是 我们,拍照效果好
手机 收到 不卡顿 盲插 杠杠 国产品牌 越做越 希望 认准 拍照 充电 顺畅 金色 玫瑰 高大 物流 三天 黑暗 改进 方便 不错 效果 唯一 一眼 第一次 运行 很快 感觉 方向 还要 支持 能够 一点 就是 我们,拍照效果好
不卡顿 点个 电量 对得起 喜庆 以后 摸索 到手 舒服 完美 照片 红色 不错 效果 要是 刚刚 第一次 感觉 功能 看着 声音 如此 比较 有些 价格 时间 还有 还是 这个 可以,拍照效果好
客服 中途 比较 手机 插曲 拍照 充电 苏宁 还是 体验 到位 物流 满意 两天 不错 毕竟 购买 第一次 很快 服务 解决 整体 以前 下来 很多 来看 一些,拍照效果好
手机 解锁 超快 喜欢 功能强大 一秒 指纹 京东 这台 拍照 百度 下手 好看 超级 照片 物流 有没有 评价 音乐 一部 图片 赶紧 下面 几天 第一次 运行 里面 很快 功能 东西 特别 那个,拍照效果好
挺不错 店家 拍照 耐用 礼物 苹果 电池 差不多 手机 购买 喜欢 很多 比较 特别 可以,拍照效果好
自拍 手机 音质 充电 耐用 超级 电池 收到 值得 效果 几天 购买 非常 特别,拍照效果好
很酷 美颜 抗用 续航 超强 电池 完美 清晰 服务 能力 可以 一个,美颜效果好
拍照 信号 充电 客服 感谢 买手机 登山包 不错 比旧 听歌 首佳誉 功能设计 效果 朋友 第一次 感觉 小豆 专营店 新手机 赠品 音质 很多 店家 人性化 耐用 数码 手表 几率 因为 持久 宿舍 少女 接收 电池 亲切 好多 回复 清晰 咨询 电力 方便 专业 手机 不用 满足 这位 经常 反应 喜欢 学校 很快 不好 真的 一家 速度 根本 功能 操作 还要 尤其 一位 需求 一下 这里 虽然 但是 还有 出现 什么,拍照效果好
拍照 耐用 电池 效果 很快 速度,拍照效果好
网速 非常 很漂亮 分辨率 照相 方便 电话,拍照效果好
不卡 赠品 网页 拍照 充电 好看 还会 手机 电话 感觉 一点 很多 关注 一直 以后 如果,拍照效果好
不错 可以 够用 电量 拍照 宝贝 打电话 两天 总体 两年 来说 非常,拍照效果好
非常 没得说 正品 好用 够用 电量 拍照 充电 客服 耐心 物流 评价 一周 手机 态度 运行 很快 有点 一样,拍照效果好
用天 音质 非常 拍照 电能 不错 手机 很多 东西,拍照效果好
解锁 店家 触摸 灵敏 不错 手机 卡顿 没得音 挺快 购机 拿在手上 音质 指纹 轻薄 按键 拍照 滑动 顺畅 解开 外观 密码 还好 震动 看起来 满意 算是 大声 没有 运行 感觉 立刻 服务 声音 比较 只有 不能 就是 可以 一个,拍照效果好
网购 全分 正品 好用 行货 店家 信誉 好评 照相 可靠 满意 效果 质量 服务 十分 一次,拍照效果好
非常 非常感谢 得心应手 机要 拍照 定制 流畅 起来 完美 移动 不错 专门 东西 使用 自己,拍照效果好
神器 拍照 简直 女人 尤其 非常 东西 就是,拍照效果好
解锁 指纹 拍照 很快 东西 可以,拍照效果好
杠杠 太棒了 国货 正品 赠品 太好 照相 电池 三天 手机 质量 支持 东西,拍照效果好
手机 给力 杠杠 速度 正品 非常 很漂亮 手感 拍照 充电 礼品 客服 购物 外观 物流 总之 满意 收到 不错 效果 很快 不少 东西 一次,拍照效果好
差评 主打 照相 着实 模糊 照片 放大 功能 东西 一般,拍照模糊/不清晰
小时 没试 音质 摄像头 快递 电量 充电 通话 电梯 地下室 客服 快点 回话 但是 夸张 电池 失望 照片 游戏 可以 清晰 满意 分钟 半个 信号 不错 暂时 果然 效果 或者 还是 起来 就是,拍照效果好
手机 有问必答 超快 杂牌 很棒 手边 充电 相机 飞跃 懒得 出来 客服 照相 可得 随手 回应 简直 方便 不错 一半 效果 态度 发达 科技 感觉 功能 一天 以前 来说 回来 非常 对于 还有 什么,相机功能多/强
手机 有问必答 超快 杂牌 很棒 手边 充电 相机 飞跃 懒得 出来 客服 照相 可得 随手 回应 简直 方便 不错 一半 效果 态度 发达 科技 感觉 功能 一天 以前 来说 回来 非常 对于 还有 什么,拍照效果好
拍照片 画质 屏险 正品 好用 时时刻刻 非常 精美 好看 包装 小心 手机 唯一 只好 不好 应该 而且 就是 什么 没有,拍照效果好
发货 太爽 点半 寸大屏 点多下 玩游戏 拍照 超级 收到 第二天 手机 效果 下午 晚上 速度 不要,拍照效果好
不卡 红红火火 玩游戏 赠品 发货 非常 王者 拍照 喜庆 嘻嘻 大红 过年 好看 包装 音乐 颜色 手机 就要 迅速 觉得 对于 还有,拍照效果好
不错 音质 拍照 反馈 流畅 同事 手机 质量 喜欢 使用,拍照效果好
比差 大爱 音质 拍照 灵敏度 反馈 评论 几天 功能 只能 非常 一点 很多 一般 不是,拍照效果好
耐电 好快 好用 拍照 好看 反应 非常 特别,拍照效果好
功能强大 内存卡 神速 整点 很漂亮 抢购 卖家 礼品 照相 购物 好多 满意 手机 反应 一次 得到 一个,相机功能多/强
棒棒 杠杠 美美 快递 手感 客服 照相 解答 耐心 收到 热情 手机 反应 东西 一直,拍照效果好
不慢 拍照 不错 效果 反应,拍照效果好
国货 拍照 也好 反正 很快 感觉 速度 支持 就是,拍照效果好
超薄 照相 强大 不错 手机 功能 非常 特别 而且,拍照效果好
粉们 国货 非常 继续前进 拍照 苹果 清晰 不错 手机 效果 变成 希望 支持,拍照效果好
功能强大 玩游戏 非常 拍照 特意 评论 音乐 几天 喜欢 速度,相机功能多/强
爽到 拍照 同事 追加 性能 强大 前后 值得 更是 推荐 非常 以后,拍照效果好
照相 大气 喜欢 非常,拍照效果好
流畅性 特强 音质 拍照 充电 特意 超级 测试 想象 分钟 充满 性能 强大 无法 非常 其他,拍照效果好
音质 超乎 粉丝 拍照 一如既往 祝福 想象 激动 手机 最好 越来越 非常,拍照效果好
炫酷 功能强大 锦上添花 拍照 三件 礼品 实用 物流 手机 速度 功能 尤其 非常,相机功能多/强
王者 烫手 手机 荣耀 段位 不卡 而卡 一分货 赛季 一点 拍照 触摸 失灵 腾讯 一分钱 麻痹 这样的话 最强 知道 外观 分享 苹果 大王 体验 别说 打死 差距 移动 上去 不行 几天 别人 容易 同样 终于 才能 方向 严重 还要 为什么 另外 一下 技术 地方 两个 还有 就是 自己 一个,拍照效果好
超赞 手机 老美 交税 封条 续航 开过 拍照 荣耀 懒得 好久 流畅 三者 国产 犹豫 没什么 满意 拿出 黑色 头发 打开 难道 不想 运行 看见 支持 系统 最后 之间 时间 还是 问题 不是 一个,拍照效果好
快递 一流 拍摄 满意 效果 质量 服务,拍照效果好
很酷 炫且 解锁 服务态度 正品 指纹 拍照 顺畅 物流 黑色 绝对 运行 很快 东西 存在 问题,拍照效果好
比快 很快 发货 爸爸妈妈 拍照 充电 耐用 苹果 满意 接触 别的 喜欢 感觉 以前 非常 许多 他们,拍照效果好
功能 买手机 很酷 强大 霸气 当属 拍照 哈哈 看起来 要说 满意 黑色 喜欢 里面 感觉 个人 建议 比较 一次 可以,相机功能多/强
好少 桌面 拍照 部件 很少 感觉 真的 功能 但是,拍照效果好
美颜 闪充 毛孔 店主 屏幕 照相 用心 礼物 感谢 收到 强大 手机 脸上 喜欢 清楚 功能 还要 非常 特别 出来 可以,美颜效果好
正品 美美 拍照 礼物 感谢 手机 很快 速度,拍照效果好
充电 拍照 充好 时看 洋洋 发货 视频 惊喜 耐心 发热 好看 感谢 收到 适合 机器 效果 满足 快速 很快 速度 需求 完全 东西 特别 而且 两个 没有,拍照效果好
不卡 效果 快递 拍照 入手 老公 超市 第二天 几天 刚刚 准备 非常 一下 一点 一个,拍照效果好
内存 很多 充满 美颜 还有 安卓机 解锁 免息 活动期 指纹 自带 并不比 充电 耐用 相机 灵敏 真心 过年 刚好 实用 赶上 苹果 软件 可以 一会儿 不用 第一个 反应 担心 感觉 速度 看来 功能 一天 首先 原来 之后 现在,相机功能多/强
拍照 适应 慢慢 不错 效果 使用 开始,拍照效果好
摄像头 刚试 怕怕 搞花 如不带 手感 拍照 不错 相当 有点 就是,拍照效果好
手机 給力 国产手机 挺快 隔天 挺不错 快递 拍照 满满的 好评 欢喜 强大 见到 绝对 手里 喜欢 感觉 功能 非常 而且 就是,相机功能多/强
很漂亮 惊喜 免费 附送 手机 还有 听歌 玩微信 手机电池 隔天 很快 书城 解锁 玩游戏 爱不释手 指纹 一点 自带 网页 手感 充电 看电视 一整天 耐用 卖家 礼品 照相 信赖 多多 机身 真心 有功 书籍 苹果 上网 舒服 电池 软件 早上 拿到 物流 清晰 满意 收到 音乐 简直 各类 值得 效果 里面 真是 推荐 功能 一天 之前 很多 那么 而且 起来,相机功能多/强
很漂亮 惊喜 免费 满意 附送 手机 还有 听歌 玩微信 手机电池 隔天 很快 书城 解锁 玩游戏 爱不释手 指纹 一点 自带 网页 手感 充电 看电视 一整天 耐用 卖家 礼品 照相 信赖 多多 机身 真心 有功 书籍 苹果 上网 舒服 电池 软件 早上 拿到 物流 清晰 收到 音乐 简直 各类 值得 效果 里面 真是 推荐 功能 一天 之前 很多 那么 而且 起来,相机功能多/强
挺快 好点 拍照 流畅 对比 配置 反应 喜欢 感觉 有点 也许 个人 觉得 可以,拍照效果好
浅粉 好评 好快 解码 指纹 拍照 礼品 客服 反馈 耐心 好看 苹果 好多 漂亮 收到 颜色 更好 手机 几天 喜欢 速度 个人 觉得,拍照效果好
不错 拍照 礼品 满意 老人 强大 功能 几个,相机功能多/强
手机 包装 赠品 不错 还好 保护套 国产机 贴膜 不上 标称 简单 抠门 填充物 防震 音箱 下单 快递 待机 店家 出厂 电量 拍照 充电 五分 基本一致 先用 两张 不过 做工 损坏 完好 非要 商家 问题 上网 不多 消耗 一夜 描述 充满 设置 打开 不用 效果 质量 小时 变成 喜欢 里面 很快 有点 不到 整体 只能 空间 三个 原来 一下 一点 特别 只是 只有 两个 知道 如果 没有 一个,拍照效果好
拍照 周边 一段时间 不错 手机 效果 朋友 感觉 觉得 预期 一样 没有,拍照效果好
挺好用 相片 苹果 清晰 功能,拍照模糊/不清晰
非常 美颜 质感 总的来说 漂亮 不错 手机 效果 功能 服务,美颜效果好
拍照 客服 后置 清晰 检测 原图 手机 最烂 低配 无爱 贵倒 发图 充得 才行 差到 快充 解锁 奥德 联系 没话说 处理 订制 差得 之前 指纹 拍得 绘图 旗舰店 售后 太差 极致 最后 不灵 前置 荣耀 气球 不负责任 这是 无所谓 下次 但是 不要紧 摄影 商场 瞬间 一点点 路过 知道 问题 这样 稍微 高价 模糊 优点 借口 型号 广告 软件 失望 他们 对比 优惠 咨询 放大 半天 到处 做好 图片 不行 进去 专业 遇到 二是 唯一 几天 态度 实在 经常 购买 确实 很快 速度 严重 报告 结果 一下 看到 关注 所有 过去 一样 不会 而且 需要 时候 两个 不能 现在 开始 这个 自己 没有 一个,拍照模糊/不清晰
新年礼物 果然 解锁 指纹 拍照 快到 看中 好看 超级 广告 失望 自己 好好 颜色 强大 不了 一眼 喜欢 马上 有点 功能 接受 生活 出来 今年 一定 这个 没有,相机功能多/强
国产机 颜值 换掉 拍照 真心 模仿 送给 老婆 不错 效果 真的 相当 地方 虽然 但是,拍照效果好
苹果 机子 京东 三星 实践 有过之无不及 国产机 超快 超好 朋友 国产品牌 色度 清晰度 发货 拍出 万象 拍照 离谱 亮度 拆开 一般 照相 即刻 自营 画面 不是 包装 照片 对比 收到 本人 手机 保障 效果 尚未 质量 小时 提升 介绍 一下 水平 价格 虽然 就是,拍照效果好
拍照 强大 不错 手机 果然 感觉 下来 非常,拍照效果好
赠品 蓝牙 果然 颜值 超快 五送 我选 给力 国产手机 广告语 音箱 外观设计 快递 实力派 耳机 拍照 充电 那句 第一天 一刻 惊喜 失望 便利 年轻人 清晰 大气 第二天 不错 手机 值得 效果 真是 真的 简单 属于 希望 运动 选择 非常 大家 提供 价格 不会 还有 现在,拍照效果好
手机 出厂 指纹识别 光圈 摄像头 做工 常用软件 简直 高像素 美颜 新年礼物 主题 消费者 颜值 无卡顿 号订 运存 这能 盲孔 处女座 很拉轰 发过来 色差 优惠券 包装盒 嵌入式 像素 开箱 一体式 退货 下单 保护膜 考虑 应景 指纹 内置 华为 后置 喜气 难以忍受 太慢 自带 福音 贴心 契合 图个 凸起 不缺 跟不上 小米 先说 出新 新年 屏幕 毫不犹豫 作为 流畅 过年 还是 预定 一台 外观 匹配 摆在 好看 节日 包装 完美 这点 优点 软件 后续 送给 周边 就是 测试 物流 清洁 居然 手指 主流 当下 节奏 一大 特色 广大 充分 毕竟 效果 普通 区域 不足 感觉 一个 有点 别人 设计 确定 接受 其实 那里 系统 准备 不要 看到 应该 存在 产品 使用 地方 而且 目前 不是 可以,美颜效果好
还好 摄像头 没用 模糊 有点 看着 觉得,拍照模糊/不清晰
手机 礼品 照相 好多 物流 三天 收到 效果 喜欢 很快,拍照效果好
棒棒 屏险 真是 像素 好用 美美 超值 礼品 两部 超级 好多 手机 非常 出来,拍照效果好
棒棒 屏险 真是 像素 好用 美美 超值 礼品 两部 超级 好多 手机 非常 出来,拍照效果好
不错 快充 功能 关机 拍照 室外 用处 音响 缺点 大城市 效果 很快 速度 非常 比较 不会 因为 还有 还是 没有,拍照效果好
手机 下载 所送 机是 强些 犯嘀咕 真快 音箱 音质 自带 拍照 用过 存有 流畅 视频 这款 所用 也好 宣传 信号 不错 效果 真的 速度 之前 有人 不知 一下 不过 一些 还是 现在 目前 不是 这个,拍照效果好
新年快乐 万事如意 很棒 够用 快递 内存 京东 小伙 礼品 客服 照相 全体 效果 喜欢 完全,拍照效果好
手机 闪充 网购 几天 蓝牙 表姐 质感 拍照 卖家 音响 还好 好看 总之 评论 收到 红色 强大 不错 功能 整体 之前 非常 一次 还是 可以,相机功能多/强
演唱会 好用 看齐 拍照 冲着 做个 参考 晚上 功能,相机功能多/强
美颜 好用 外形 漂亮 强大,美颜效果好
快充 好用 耗电 拍照 不快 强大 功能 技术,相机功能多/强
新年快乐 好用 嘎嘎 拍照 好看 效果 样子 喜欢 速度 非常,拍照效果好
好用 照相 不错 效果,拍照效果好
照片 差不多 像素 功能 爬山 充电 照相 外观 好看 苹果 上次 广告 收到 半个 下面 手机 确实 出去,相机功能多/强
像素 总的来说 想象 两天 不错 手机 效果 喜欢 特别 一次 一样 可以,拍照效果好
美颜 专卖店 拍照 可好 清晰 不错 效果 喜欢 一样,美颜效果好
卡顿 很棒 赠品 很漂亮 拍照 试用 快点 三星 购物 满意 评价 收到 黑色 效果 几天 现象 以前 希望 没有,拍照效果好
待机时间 给力 照相 好看 黑色 不错 效果,拍照效果好
质感 拍照 流畅 好看 黑色 尤其 非常,拍照效果好
音质 不错 手机 太爽了 拍外景 棒棒 黑色 自拍 美颜 安卓 听歌 微博 妥妥 不卡 大屏 微信 国产手机 客户端 像素 霸气 速度 功能 玩游戏 分身 下图 内存 中关村 水滴 拍照 性价比 算得 一如既往 纯净 不差 成像 笑脸 低调 鲜艳 视频 在线 现在 毛病 外观 画面 缺点 实用 好看 优点 我会 照片 游戏 总结 颜色 暂时 努力 不用 绝对 配置 别的 周围 朋友 解释 运行 很快 相信 相当 别人 去年 正常 具体 整体 当然 希望 其实 支持 自然 后来 一起 一点 很多 然后 特别 继续 还有 影响 开始 什么 没有,美颜效果好
超快 国产手机 解锁 赠品 指纹 很漂亮 拍照 没到 没想 品质 做到 黑色 强大 效果 唯一 不足 喜欢 同样 特别 这么 地方 就是,拍照效果好
没得说 特酷 像素 几款 指纹 手感 手机 用过 灵敏 超级 经典 黑色 超快 给力 真的 特别 拍照 充电 还有 自己 信号 充满 效果 小时 速度 很多 其他,拍照效果好
不错 手机 没看 五分钟 手感 拍照 充电 通话 屏幕 礼物 足够 效果 质量 小时 喜欢 真的 非常,拍照效果好
京东 拍照 不错 效果 质量 相信,拍照效果好
不错 像素 赠品 音质 充电 外观 一款 好看 手机 效果 喜欢 非常 很多 特别 出来,拍照效果好
照相 清晰 不错 手机 效果 速度,拍照效果好
照相 一款 不错 手机 效果 主要,拍照效果好
超赞 快递 京东 照相 外观 缺点 漂亮 干净 暂时 效果 声音 特别 发现,拍照效果好
后图 红色 像素点 不错 很爽 息屏 中透 中噪点 前张 闪粉 腔里会 全款 弱光 解锁 像素 放音 发货 音质 快递 纯正 轻薄 共鸣 手感 淡淡的 金色 流畅 细腻 拍摄 体验 全是 元素 音乐 加入 及时 听到 很快 好像 环境 很大 系统 过去 有些 得到 显示 虽然 一些 还是 就是 中国,夜拍拍摄效果差
拍照 我朋 人景 部手机 出来 方面 价钱 顺手 羡慕 苹果 色彩 一番 不够 互相 她们 二是 效果 一是 朋友 最好 功能 觉得 比较 但是 这个 自己 主要,拍照效果好
国产机 某图 像素 很久没 拍照 秒杀 一流 苹果 果然 速度 但是 这个,拍照效果好
灰灰 我用 亮堂 相片 成像 照相 颜色 清楚 感觉 有点 就是 没有,拍照模糊/不清晰
拍照 真实 强大 运行 速度,拍照效果好
屏够 拍照 也好 效果 运行 很快 速度,拍照效果好
清淅 拍照 声音,拍照效果好
手感 拍照 好看 苹果 漂亮 样子 非常,拍照效果好
给力 耐看 很棒 老爸 拍照 感谢 无论是 黑色 还会 不错 手机 反应 喜欢 非常 很多 关注 东西 还是,拍照效果好
拍照 送给 妹妹 喜欢 特别,拍照效果好
特别版 很赞 大爱 生日礼物 拍照 新年 错过 纪念 想要 喜欢 意义 不要 今年 就是,拍照效果好
赞赞 正品 拍摄 宝贝 效果 喜欢 很多,拍照效果好
手机 惊艳 心急 拍照 不亚于 收到 效果,拍照效果好
收到 手机 拍照 付款 礼品 到位 老板 理想 不错 昨天 喜欢 很快 服务 今天,拍照效果好
很棒 照相 满意 一段时间 很快 速度,拍照效果好
指纹识别 冲电 不卡 触屏 很快 功能强大 内存 还行 王者 拍照 耐用 好看 电池 音乐 红色 手机 总体 下去 声音 重点 基本 比较 左右 使用,相机功能多/强
效果 机器 快充 杠杠 很快 解锁 下单 指纹 摄像头 非常 京东 前置 拍照 屏幕 入手 顺便 凌晨 版本 看起来 物流 黑色 不错 值得 下午 速度 特别,拍照效果好
处理速度 拍照 机器 不错 效果 很快,拍照效果好
不错 手机 要波 安卓 超快 比要 中算 国产手机 机子 不负众望 解锁 反应速度 触感 安全系数 摄像 指纹 再接再厉 透亮 系统 流线型 拍照 便捷 感应 色泽 流畅 无需 顺手 厚度 出色 重量 接触 前后 果然 接近 很快 整体 希望 稳定 整个 自然 非常 完全 而且,拍照效果好
机子 端口 拍照 充电 改成 效果 确实 很快 速度 以后 影响 就是 这个,拍照效果好
香香 闪充 美哭 解锁 清晰度 发货 指纹 非常 质感 拍照 表扬 总的来说 客服 好比 苹果 不高 简直 红色 不错 唯一 喜欢 很快 相当 一下 很多 而且 问题 就是,拍照效果好
完美 细节 不输给 指纹识别 太美太 包边 蓝牙 音箱 惊艳 开机 轻薄 手感 铝合金 瞬间 迷信 包装 照片 配套 简直 呈现 很快 真的 速度 非常 不要 完全 出来 一个,拍照效果好
速度 京东 五星 拍照 好评 放心 手机 很快,拍照效果好
买手机 小哥 认真负责 送货 京东 很漂亮 拍照 灵敏 物流 满意 评价 各项 手机 几天 专门 反应 第一次 很快 位置 速度 功能 目前,拍照效果好
喜欢 惊艳 手感 拍照 分辨率 新年 视频 一款 正当 广告 反正 不错 效果 一眼 很快 速度 不要 看到 出来,拍照效果好
棒棒 八号 纠结 下定决心 照相 好久 这款 物流 评论 两天 手机 效果 很快,拍照效果好
不错 国产机 挺不错 佼佼者 手感 拍照 用电 手机 经常 很快 功能 容易 就是,相机功能多/强
不错 截屏 内存 手机 运行 流畅 非常 下载 屏保 下拉菜单 棒棒 黑色 本机 自拍 美颜 双击 安卓 超赞 画质 听歌 亮屏 指下 熄屏 微信 多开 解锁 客户端 像素 功能 分身 效果显著 很大 指纹 摄像头 后置 要强 自带 至极 中关村 重量轻 粉丝 手感 拍照 试用 顺畅 成像 更深 用处 研究 忠实 机身 灵敏 一通 手电筒 在线 外观 缺点 好看 说明书 优点 软件 照片 满意 总结 学会 适合 电影 大致 一部 方便 打开 绝对 效果 合理 满足 等等 科技 感觉 真的 相当 状态 整体 更加 来说 很多 方式 基础 有些 部分 目前 这个 没有,拍照效果好
真机 换安卓习 好用 整机 轻薄 拍照 事实证明 刻意 超级 苹果 广告 高大 评价 半个 黑色 强大 习惯 关键 确实 很快 担心 速度 功能 以前 不仅 非常 一直,相机功能多/强
充电 很快 老婆 新年礼物 五分钟 手感 拍照 耐用 霸王 通话 过年 宝贝 超级 电池 物流 满意 两天 充满 强大 手机 反应 小时 真的 功能 就是 可以,相机功能多/强
手机 想不到 红色 过大年 赶紧 很正 大爱 爱妻 红红火火 到货 拍照 要求 送礼 毫不犹豫 老公 久久 下手 哈哈 惊喜 拿到 自己 颜色 满足 朋友 喜欢 很快 以为 才能 觉得 完全 比较 一直 还有 这个,拍照效果好
内存 拍照 不错 手机 小宝宝 反应速度 轻薄 不愁 新年 这下 入手 出生 睡觉 老婆 旁边 效果 几天 马上 很快 感觉 这次 看到 一直,拍照效果好
杠杠 超值 拍照 亮丽 礼物 颜色 喜欢 很快 速度 非常,拍照效果好
好酷 美的 超快 物超所值 音质 照相 外形 物流 两天 强大 总体 喜欢 运行 很快 功能 来说,拍照效果好
流畅性 棒棒 悦耳 拍照 充电 清晰 图片 效果 很快 服务,拍照效果好
好看 足够 听歌 玩游戏 内存 后用 拍照 充电 耐用 好听 照相 到手 电池 充满 吸引 不错 几天 大约 电话 小时 很快 选择 来说 完全 要求 对于 这种 就是,拍照效果好
商家 买手机 就定 效果 像素 解码 外放 试过 音质 指纹 买回来 耳机 拍照 相机 档次 客服 解答 灵敏 良心 不用说 一流 耐心 疑问 品质 照片 高端 手机 质量 不管 反应 很快 一家 以前 很多 达到 以后 还是 一个,拍照效果好
妈用 很棒 好用 非常 拍照 哪天 充电 耐用 我妈 特地 拿来 电池 便利 老太太 感受 评价 打算 几天 很快 感觉 而且 起来 自己,拍照效果好
安卓 顺丰 发货 摄像头 拍照 卖家 不差 家里人 做工 流畅 外观 比起 体验 总之 漂亮 家人 深度 优化 满意 不行 不错 毕竟 配置 似的 运行 只好 很快 速度 以前 尤其 系统 怎么 但是 由于 这个 可以,拍照效果好
美颜 冲满 乐能 手机卡 消消 很棒 音质 玩玩 王者 拍照 充电 荣耀 喇叭 放过 还好 超级 一会 清晰 信号 习惯 下面 效果 晚上 喜欢 很快 有点 速度 一天 声音 很大 时间 知道,美颜效果好
拍照 照片 漂亮 妹妹 下面 不错 手机 喜欢 尤其,拍照效果好
拍照 充电 正品 免息 赠品 续航 划算 通话 分期 极好 电池 好多 清晰 分钟 两天 充满 手机 效果 小时 喜欢 真的 速度 时间 还是 问题,拍照效果好
赠品 老爸 不错 挺快 很棒 如约 送过来 好评 照相 厂家 收到 适合 黑色 关键 确实 喜欢 速度 功能 综合 才能 为什么 希望 能够 一点 来看 还有 目前,相机功能多/强
不错 画质 快充 服务态度 拍照 客服 照相 手机 喜欢 很快 起来 目前,拍照效果好
续航 轻便 电池 照片 好好 方便 手机 质量 感觉 操作 使用 目前,拍照效果好
挺快 充电 照相 效果 特别 发现 目前,拍照效果好
清楚 视频 照片 满意 暂时 感觉 有点 来看 特别 出来 其他 但是 目前 不是 可以,摄像模糊
待机 视频 照片 可以 不错 确实 清楚 下来 使用 目前 就是,摄像模糊
手机 刚用 挺不错 没多久 照相 但是 购物 看重 照片 音乐 不错 果然 本来 感觉 以为 功能 成功 很多 一直 只是 一般 所以 目前 就是,拍照效果好
安卓 感觉 惊艳 摄像头 后置 前置 操作系统 拍照 流畅 外观 苹果 拿到 漂亮 不错 手机 效果 第一个 不管 简单 操作 尤其 非常 使用 还是 起来 就是,拍照效果好
可拍照 模糊不清 整机 售后 有些 画面 拿到 满意 不错 是不是 喜欢 有点 速度 看看 今天 问题 起来,拍照模糊/不清晰
适应 用惯 超快 超好 后超 喜欢 解锁 这个 赠品 之前 指纹 系统 能力 续航 拍照 充电 卖家 苹果 拿到 红色 手机 结果 完全 那么 一直 而且 方面 因为 没有,拍照效果好
相机 美颜 杠杠 正版 行货 划算 拍照 开心 不得了 牌子 下手 超级 弟弟 犹豫 拿到 再也 赶紧 绝对 尤其 需要 什么,拍照效果好
不错 手感 拍照 舒服 拿到 手上 清晰 满意 感觉 功能,相机功能多/强
拍照 不输给 美颜 超好 神器 质感 同事 超级 拿到 满意 一级,拍照效果好
拍照 不输给 美颜 超好 神器 质感 同事 超级 拿到 满意 一级,美颜效果好
挺好用 老公 手机 不卡 推荐 内存 拍照 孕期 两台 因为 苹果 下载 常用 用来 不错 朋友 身边 之前 业务 东西 比较 一直 所以 工作 不能 现在 可以,拍照效果好
电池 保护套 系统优化 颜值 快充 杠杠 保护膜 出厂 拍照 人性化 耐用 三星 女孩子 这点 总之 满意 老婆 用来 不错 感觉 可以 没有,拍照效果好
锤子 差劲 拍照 一台 这方面 手机 真是 感觉 很多 自己,拍照效果好
有卡顿 超快 解锁 拍照 好评 偶尔 速度 整体 现象 但是 出现,拍照效果好
挺好用 正品 拍照 强大 手机 功能,相机功能多/强
一般般 功能强大 拍照 其他,相机功能多/强
闪充 机子 功能强大 续航 自带 贴心 拍照 超级 透明 喜欢 功能 能力,相机功能多/强
切换 好几页 截屏 微信 解锁 速度 时长 分身 截取 指纹 待机 拍照 性价比 充电 弱点 灵敏 实用 满意 程序 不错 值得 购买 功能 非常 一次 明显 时间 可以 没有,相机功能多/强
超值 拍照 外观 一款 很强 漂亮 手机 很快 速度 功能,相机功能多/强
超值 拍照 外观 一款 很强 漂亮 手机 很快 速度 功能,相机功能多/强
大屏 拍照 实用 强大 确实 功能,相机功能多/强
拍照 一流 上网 电池 满意 各项 性能 经常 运行 速度 功能 一天 问题,相机功能多/强
礼包 续航 拍照 信誉 何在 苏宁 电池 漂亮 强大 不错 手机 感觉 功能 非常,相机功能多/强
像素 无语 近距离 远距离 看不清 开心 拍摄 收到 性能 不错 手机 一半 三年 清楚 完全 一般 时候 就是 没有,拍照模糊/不清晰
不错 强大 蓝牙 音质 快递 特别 耳机 无线 手感 拍照 链接 流畅 开心 购物 画面 清晰 手机 功能 一次,相机功能多/强
美颜 完后 手感 拍照 相机 自己 手机 效果 认识,美颜效果好
买手机 棒棒 美颜 超快 包装箱 解锁 指纹 五星 相机 惊呆 礼品 好评 试试 还好 苹果 注册 怎么样 手机 网上 打开 第一次 速度 功能 完成 很多,美颜效果好
手机 客服 张卡 不错 香香 双卡 手机费 多模 解锁 礼包 上档次 好用 指纹 店家 拍照 几样 打消 解答 真心 疑虑 外观 耐心 宝贝 实用 疑问 好多 大气 收到 热情 黑色 彻底 强大 方便 网上 打开 反应 购买 确实 第一次 喜欢 感觉 真的 速度 功能 操作 以前 原来 特别 活动 当时 使用 以后 还是 现在,相机功能多/强
大上 拍照 评价 黑色 一段时间 不错 手机 功能,相机功能多/强
像素 拍照 流畅 舒服 清晰 强大 手机 真的 功能,相机功能多/强
拍照 手机 音质 总归 差点 评价 一段时间 强大 不错 功能 就是,相机功能多/强
手机 拍照 屏幕 精品 流畅 视频 国产 超级 游戏 强大 朋友 喜欢 运行 功能 非常 以后,相机功能多/强
手机 几天 荣耀 功能 待机时间 画质 大屏 挺长 太漂亮 感觉 挺不错 退货 摄像头 待机 纠结 华为 最起码 最后 咋样 人性化 快捷 多一些 好评 换成 体会 外观 电池 一个月 不行 方便 不错 到底 一个 才能 只能 选择 下来 了解 回来 非常 比较 一直 使用 之间 所以 现在 这个,相机功能多/强
美颜 手机 给力 喜欢 内存 比较 电量 平价 玫瑰 女生 真心 储存 顺手 精致 着实 漂亮 一夜 适合 半个 充满 方便 年轻 小时 确实 功能 一天 接受 的话 左右 一直 价格 一般,美颜效果好
手机 点个 依依 拍照 充电 客服 总算 强大 不错 很快 真的 功能 这次 服务 尤其 这么 还有,相机功能多/强
这个 特别 照相 漂亮 老板 红色 手机 质量 喜欢 功能 尤其,相机功能多/强
充好 超赞 赠品 原装 华为 耳机 拍照 金牌 一堆 好多 用户 手机 购买 运行 速度 推荐 功能 大家,相机功能多/强
老姐 杠杠 照相 不至于 大街 黑色 手机 喜欢 功能 比较 还是,相机功能多/强
登山包 超多 超棒 正品 蓝牙 真不错 赠品 店家 耳机 手感 拍照 手表 眼镜 强大 手机 很快 速度 功能 服务 非常 特别,相机功能多/强
像素 发货 拍照 充电 耐用 好评 快快 不过 苹果 电池 清晰 次日 算是 不够 手机 不如 不得不 总体 感觉 速度 比较 还是 就是 可以,拍照模糊/不清晰
对焦 反应速度 拍照 强大 不错 手机 速度 功能 声音 很大 非常,相机功能多/强
充满 不错 解锁 功能 指纹 纠结 拍照 性价比 充电 耐用 能用 灵敏 流畅 好看 电池 清晰 想象 正好 强大 手机 值得 确实 很快 大小 推荐 容易 希望 系统 最后 不过 还是 没有,拍照模糊/不清晰
秒速 快冲个 国产手机 解锁 功能强大 指纹 轻薄 拍照 充电 流畅 精美 外观 手机 小时 功能 支持 完成,相机功能多/强
棒棒 美颜 到货 手感 拍照 礼物 好多 拿到 合适 手机 很快 大小 价格 这个,美颜效果好
手机 不错 国产手机 拍照 迫不及待 一刻 拿到 清晰 强大 打开 功能 比较 特别,相机功能多/强
想片 模糊 广告 厉害 手机 配置 有点 一般,拍照模糊/不清晰
闪亮 呼吸 提示 关屏 有个 成来 杠杠 照像 洋气 老爸 到手 前天 痛快 外观 这点 物流 满意 设置 手机 确实 很快 状态 功能 为什么 信息 很大 心里 消息 关于 有些 但是 问题 已经 没有,相机功能多/强
没话说 主打 质感 满满 配件 通告 好评 照相 诚意 家里人 入手 段时间 剩余 老板 手机 绝对 强烈 喜欢 功能 许多 情况,相机功能多/强
拍照 黑黑的 唯独 白天 不行 手机 晚上 一片 一点 就是,夜拍拍摄效果差
手机 反应速度快 超快 最牛 阵子 功能强大 手感 拍照 咋样 充电 耐用 屏幕 做工 精细 细腻 电池 递给 非常 知道 现在 就是,相机功能多/强
特别 美图 棒棒 美颜 外放 百分之 充电 通话 半小时 好几个 哈哈 同事 红色 手机 不用 喜欢 这个,美颜效果好
手机 音质 非常 特别 粉丝 拍照 忠实 外观 一款 特意 完美 满意 评价 强大 不错 几天 功能 首先 当然 一直,相机功能多/强
美颜 通话音质 下单 摄像头 京东 近距离 聊天 色泽 视频 值得一提的是 外观 图像 变形 超级 模糊 物流 送到 不错 手机 效果 小时 运行 速度 容易 不到 运动 明显,美颜效果好
待机时间 买手机 拍照片 天猫 太棒了 玩游戏 非常 拍照 充电 卖家 两三天 礼品 不看 金色 买来 视频 购物 实用 好看 很长 体验 满意 强大 手机 专门 第一次 很快 功能 的话 很多 一次 而且 问题,相机功能多/强
手机 功能强大 好评 照相 电池 很快 速度 一天,相机功能多/强
手机 照相 流畅 一款 功能 系统 非常,相机功能多/强
分辨率 照相 不是 手机 总体 功能 其他 可以,相机功能少/弱
喜欢 拍照 好看 超级 苹果 不太 手机 手中 真的 容易 还要 稳定 就是,拍照模糊/不清晰
不错 正品 音质 照相 舒服 清晰 手机 质量 相当 功能 特别 起来,相机功能多/强
手机 炫丽 功能强大 赠品 音质 自带 耳机 拍照 十足 外观 其次 质量 最好 首先 一点 而且,相机功能多/强
最赞 新机 免息 清晰度 相片 电量 拍照 分期 电池 评价 足够 强大 几天 运行 速度 功能 一天 首先 非常 有关 可能 这个,相机功能多/强
差评 用个 小时 新手机 不理不睬 售后 拍照 充电 客服 一个多 清晰 不满 一个月 几天 怎样 首先 之前 你们 时候 还有 知道 现在 出现,拍照模糊/不清晰
拍照 手机 梦寐以求 女生 入手 这款 惊喜 连连 性能 强大 不错 值得 最好 功能 首先 所有 应该,相机功能多/强
手机 维修点 你们 客服 对方 手机卡 没有 充电 打通 问题 老板 联通公司 检查 有次 心塞 国产手机 接听电话 像素 看着 浪费时间 解决 杂音 二话没说 备份 双十 结果 接电话 电量 请假 心得 拍照 去一趟 使用 通话 可好 近距离 怎么 发现 下级 这下 一个多月 抵制 段时间 结局 这样 苹果 疑问 模糊 广告 通讯 后悔 照片 可以 全是 升级 分钟 很难 怀疑 第二次 正确 信号 提前 答应 还会 一看 难道 唯一 小时 购买 解释 里面 有点 以为 功能 一句 回到 一天 办法 不到 声音 还要 真正 重新 多少 选择 支持 后来 原因 完全 过去 特别 关系 当时 一次 一直 出来 时候 方面 但是 时间 还是 开始 认为 不是 就是 这个 主要 一个,拍照模糊/不清晰
果粉 顺丰 机子 发货 粉丝 拍照 充电 耐用 好评 电池 脱离 两天 强大 从此 小时 很快 速度 功能 必须 一个,相机功能多/强
感觉 一冲 照相 还是 说实话 徘徊 清晰 红色 熟悉 前者 适应 初步 习惯 手机 几天 是因为 朋友 身边 第一次 一天 使用 之间 不是 没有,拍照模糊/不清晰
新年礼物 媳妇儿 拍照 送给 强大 喜欢 功能 一个,相机功能多/强
美颜 拍照 一段时间 不错 速度 功能 就是 可以,相机功能多/强
超棒 太棒 功能强大 太爱 无懈可击 下单 拍照 礼品 真心 这款 好多 外形 游戏 不错 手机 配置 不管 还是 现在,相机功能多/强
美颜 给力 顺丰 图是 解锁 下单 按压 特别 飞起 稀饭 用过 几张 不止 高出 反正 评价 收到 强大 下面 晚上 几天 很快 感觉 速度 功能 之前 一点 而且 不是 就是 这个,美颜效果好
很全 功能 快递 加油 照相 特地 外观 好看 超级 满意 评论 强大 手机 几天 一天 还要 尤其 支持 预期 发现 问题 目前 什么 没有,相机功能多/强
轻多 顺丰 迷路 这么久 四天 屏幕 照相 特意 拿到 轻松 伟大 清晰 评论 手机 第一次 感觉 功能 办法 第一 一样 对于 但是 这个,相机功能多/强
小时 慢动作 冲满 微信 王之王 没打 功能 头条 投影 好评 淘宝 半小时 摄影 视频 特意 评价 两天 充满 满足 电话 过来 一天 需求 完全 几个 什么 可以,相机功能少/弱
美颜 节买 天猫 太赞 挺好用 新机 没话说 蓝牙 反应速度 年货 赠品 手感 客服 不错 手机 毕竟 效果 态度 很快 还有 影响,美颜效果好
通话 流畅 强挺 画质 解锁 像素 稳定 摄像头 系统 很多 前置 拍照 灵敏度 礼物 苹果 清晰 不错 功能 还有 还是,相机功能多/强
美颜 手机 下单 头天 京东 拍照 不愧 真心 舒服 物流 漂亮 清晰 评价 两天 第二天 下午 晚上 喜欢 很快 非常,美颜效果好
手机 我妈 自拍 美颜 图是 我用 杠杠 像素 铁杆 得用 音响 好几个 半月 后悔 将近 总之 老板 评价 简直 记得 还会 不错 暂时 第一个 是因为 一个 支持 发现 以后 继续 问题 开始 什么,美颜效果好
小米 还是 指纹识别 小贵 挺快 功能 免息 乍一看 分辨率 耐用 相机 分期 问题 发热 实用 电池 模糊 参考 清晰 满意 认真 图片 一看 不见 总体 不足 感觉 有点 开发 部门 价格 而且 虽然 方面 但是 知道 如果 可以 没有,拍照模糊/不清晰
哇塞 自拍 美颜 无敌 好久 期待 红色,美颜效果好
还成 玩游戏 耗电 拍照 太快 外观 苹果 清晰 有点 价格 这个,拍照模糊/不清晰
外观 照片 清晰 满意 自拍 美颜 不错 换小卡 安卓 国产机 运存 屏够 够快 太漂亮 解锁 客户端 很棒 指纹 话说回来 非常 上传 网页 中关村 拍照 充电 耐用 成像 一般 停顿 流畅 视频 在线 缺点 电池 优点 游戏 下载 看上去 漂亮 想要 总结 通用 真实 的确 图片 没想到 手机 打开 果然 效果 第一次 喜欢 良好 越来越 真的 速度 功能 整体 以前 任何 支持 自然 东西 比较 而且 不过 重要 不是 就是 没有,美颜效果好
外观 照片 清晰 满意 自拍 美颜 不错 换小卡 安卓 国产机 运存 屏够 够快 太漂亮 解锁 客户端 很棒 指纹 话说回来 非常 上传 网页 中关村 拍照 充电 耐用 成像 一般 停顿 流畅 视频 在线 缺点 电池 优点 游戏 下载 看上去 漂亮 想要 总结 通用 真实 的确 图片 没想到 手机 打开 果然 效果 第一次 喜欢 良好 越来越 真的 速度 功能 整体 以前 任何 支持 自然 东西 比较 而且 不过 重要 不是 就是 没有,美颜效果好
太强大 连开 机界面 喜气 正色 拍照 这下 好不好 用心 一款 完美 半年 保险 手机 功能 结束 之前 整个 不要 活动 那么 就是 中国,相机功能多/强
美颜 不卡 摄像头 前置 好玩 礼品 真心 好多 照片 游戏 清晰 足够 手机 功能 一点 还有 还是,相机功能多/强
拍照 耐用 电池 强大 确实 喜欢 功能 支持 觉得,相机功能多/强
不错 手机 秒解 字快 闪充 无卡顿 指纹 几乎 很漂亮 手感 拍照 充电 流畅 外观 照片 总之 清晰 反应 喜欢 功能 第一 觉得 然后 一个,相机功能多/强
特别 闪充 买台 功能强大 像素 音质 这台 粉丝 拍照 充电 忠实 老公 全家 弟弟 清晰 红色 喜欢 马上 功能 还要 现在 这个 我们,相机功能多/强
自拍 音质 拍下 立体感 气色 照相 饱和 照片 音乐 强大 手机 不得不 喜欢 功能 看着 真正 还有,相机功能多/强
给力 照相 着实 媳妇 期待 不错 几天 功能,相机功能多/强
非常 满意 很漂亮 拍照 流畅 外观 不错 功能 系统,相机功能多/强
卡顿 效果 杠杠 立体声 低音 耳机 预想 拍照 先说 顺畅 抖动 艳丽 界面 照相 环绕 切换 清晰 超出 满意 色彩 评价 音乐 防止 不错 再说 总体 几天 运行 速度 功能 并且 非常 而且 目前 没有 一个,相机功能多/强
牛比 耗电 拍照 广告 清晰 很快 那么 发现 不过 还有 问题 现在 就是 什么 可以 没有,拍照模糊/不清晰
保护套 大赞 清晰度 蓝牙 价格便宜 京东 贴心 耳机 照相 完好 还是 手臂 包装 物流 对比 满意 送到 上午 手机 总体 下午 真的 功能 一下 很多 基本 东西 必须 特别 这么 而且 但是 现在 自己,拍照模糊/不清晰
没多大 还少 相机 两样 没什么 改进 功能 以前,相机功能少/弱
厉害 自拍 强大 美颜 闪充 像素 内存 果然 效果 反应 很快 肯定,美颜效果好
不错 国产机 像素 亲朋好友 照相 金色 顶级 价钱 一台 评价 算是 几天 确实 功能 过来 今天 觉得 这个,相机功能多/强
补发 收到 没得说 新年礼物 超正 点赞 通话音质 货后 暂未 多赠 蓝牙 音箱 赠品 发现异常 京东 手感 拍照 好评 客服 老公 这款 立马 沟通 红色 不错 手机 有点 功能 处理 结果 要求 虽然 时间 还是 一个,相机功能多/强
试用 试用品 发货 拍照 曲折 不多 途径 详细 平时 不错 总体 满足 功能 大部分 报告 需求 中心 过程 得到,相机功能多/强
自拍 美颜 爱不释手 心念 到货 前置 手机 功能 终于,相机功能多/强
拍照 真心 颜色 强大 用安卓机 没白 四五天 好久没 电量 新年 能用 持久 女孩子 苹果 广告 评价 合适 不错 喜欢 功能 看着 希望 特别,相机功能多/强
国产 软件 手机 特别版 已装 挺快 功能 拍照 充电 铃声 新年 便捷 色泽 外观 下载 主题 不错 运行 很快 真的 尤其 支持 以及 知道 就是,相机功能多/强
手机 信号强度 超快 杂牌 很棒 音质 手边 续航 充电 相机 飞跃 懒得 出来 照相 可得 随手 简直 方便 一半 效果 发达 科技 感觉 功能 一天 以前 来说 回来 能力 非常 对于 还有 什么,相机功能多/强
不错 流畅性 美颜 信号强度 很棒 高清 两分钟 续航 拍照 充电 通话 效果 小时 速度 操作 能力,美颜效果好
美颜 轻照 好看 软件 颜色 手机 打开 很快 速度,美颜效果好
美颜 大爱 像素 好用 高清 前置 喜庆 相机 好看 超级 红色 颜色 不错 确实 喜欢 不要 特别 起来,美颜效果好
买来 特别 部手机 好用 觉得 拍照 新年 真心 好看 气氛 红色 颜色 手机 符合 值得 功能 而且 主要,相机功能多/强
新年礼物 很爽 不卡 玩游戏 很漂亮 拍照 屏幕 礼拜 视频 送给 颜色 强大 感觉 真的 功能 左右 目前 什么 自己 一个,相机功能多/强
棒棒 自拍 美颜 好好看 没话说 清晰度 眼前一亮 拍照 客服 满意 色彩 红色 颜色 打开 总体 模式 态度 感觉 真的 很大 来说 非常 虽然 但是 还有 还是,美颜效果好
一般般 凑合 拍照 清晰 不是,拍照模糊/不清晰
华为 待机时间 拍照 荣耀 硬件 不错 不如 配置 感觉 功能 一天 下来 使用 虽然 但是 问题 起来,相机功能多/强
拍照 充电 漂亮 充满 强大 手机 小时 喜欢 很快 功能 一直 一个,相机功能多/强
习惯 美颜 功能 轻薄 拍照 顺畅 屏幕 第三方 软件 犹豫 不用 喜欢 有点 速度 选择 系统 非常 觉得 实现 而且 还是 开始 就是 可以,相机功能多/强
给力 超快 手机 苹果 果粉 没得说 死机 冲电 解锁 相当 完胜 耗电 指纹 内存 单说 拍照 卖家 遥望 而且 真心 垃圾 国产 礼物 一款 追捧 感谢 好多 软件 机器 自从 总体 值得 更是 运行 感觉 内部 状态 速度 功能 不可 拥有 减少 来说 原来 大家 一直 还是 已经 一个,相机功能多/强
自拍 续航 流畅 电池 强大 手机 运行 功能 比较 时间,相机功能多/强
拍照 音响 齐全 超级 评论 不错 手机 几天 喜欢 真的 功能 过来 东西 使用,相机功能多/强
镜头 微信 差劲 就是 聊聊 拍照 手表 模糊 下方 打电话 评价 第二天 一段时间 像是 手机 反应 总是 感觉 东西 特别 一样 发现 但是 因为 还有 问题 可以 一个,拍照模糊/不清晰
感觉 插件 不错 超快 新换 图是 解锁 关灯 指纹 桌面 拍照 批量 去掉 稍稍 天气 强大 整理 方便 习惯 总体 真的 有点 状态 功能 尤其 之前 系统 有些 地方 继续 但是 不是 这个,相机功能多/强
拍外景 自拍 照相 清晰 强大 不错 功能 之前 非常,相机功能多/强
国产机 感觉 拍照 适中 流畅 带给 不良 犹豫 满意 绝对 手里 曾经 三年 功能 还要 之前 带来 今天 结果 非常 价格 就是,相机功能多/强
稍慢 稍差 京东 暗处 拍照 总的来说 延迟 三星 接收 软件 评价 安装 一段时间 方便 反应 这次 声音 信息 当然 之前 就是 可以,夜拍拍摄效果差
解锁 指纹 拍照 总之 好好 打开 应用 很快 速度 功能 非常 就是,相机功能多/强
拍照 挺快 解锁 反应速度 指纹 非常适合 值得一提的是 完美 准确 不错 功能,相机功能多/强
挺快 美颜 不错 解锁 像素 指纹 摄像头 前置 分辨率 屏幕 秒杀 外观 苹果 漂亮 总体 反应 可以,美颜效果好
一般般 自拍 美颜 女孩子 不高 适合 性能 配置 功能 使用,美颜效果好
手机 亮红灯 晚上 第三张 隔天 解锁 感觉 像素 第二张 耗电 指纹 第一张 特别 拍照 亮度 屏幕 昨天下午 景象 有时候 拿到 白天 清晰 基本上 强大 喜欢 有点 功能 为什么 突然 一下 然后 方面 还有 情况 知道 就是 这个 什么 公司,相机功能多/强
美颜 总得来说 电量 照相机 一大早 大大的 昨天下午 半天 不错 不得不 速度 很多,美颜效果好
好开心 用惯 红黑配 比爱 真的 昨天中午 拍下 质感 拍照 流畅 这款 傍晚 好看 厚度 体验 总之 对比 用户 收到 强大 不错 功能 容易 今天 一下 起来 目前,相机功能多/强
免息 活动期 划算 相机 强大 功能 非常,相机功能多/强
棒棒 追评 总得来说 喜欢 赠品 拍照 流畅 宝贝 特意 后续 游戏 评价 昨天 很快 功能 今天 几个 特别 继续,相机功能多/强
宝门 屏显 特棒 保护视力 功能 内存 特别 照相 强弱 光线 上网 完美 收到 各项 足够 几天 喜欢 速度 非常 变化,相机功能多/强
手机 苹果 三星 太强大 国产手机 品质 音质 内存 夜景 耳机 不错 多天 淘宝 下班 电池 体验 手机带 什么游戏 操作界面 一充 得备 有张 点赞 微信 国产机 不玩 机子 手机电池 用用 像素 功能 直呼 充电器 边框 一天 好用 没电 高价位 老外 动画 聊聊 倍感 超高 网页 安全感 逛逛 后用 媲美 拍照 性价比 充电 人性化 五分 用过 欣慰 柔和 震撼 骄傲 还有 外观 同事 删除 感叹 国产 超级 期望 这点 必将 软件 不然 照片 早上 下载 主流 超出 色彩 占据 本人 常用 平时 从来 习惯 没有 很少 打算 果然 多个 下午 两年 朋友 本来 第一次 运行 家里 很快 感觉 一个 真的 推荐 设计 操作 以前 首先 之前 几乎 准备 如此 完全 未来 那么 使用 而且 以后 需要 现在 这个 公司 市场,相机功能多/强
手机 触屏 未用过 上不显 即满 毫安 功能强大 满足感 携带方便 一天 续航 拿手 拍照 充电 小巧 笨重 顺畅 分期 手续费 顾客 实用 电源 电池 第五 清晰 第四 收到 本人 不错 其次 第三 小时 第一次 运行 很快 第二 首先 很大 能力 左右 使用 作为 问题 一个,相机功能多/强
国产手机 映像 拍照 到手 考证 想象 不错 手机 第一次 功能 第一 支持 今天 不过 还有,相机功能多/强
照相 毕竟 安卓 卡机 超快 速度 功能 玩游戏 这个 变慢 内存 华为 卖点 拍照 充电 耐用 用过 冲着 过年 毛病 电池 照片 辅助 下载 充满 不错 手机 估计 支撑 小时 确实 运行 里面 很快 感觉 容易 同样 欧洲 不到 现象 一年 以前 回来 一下 很多 使用 不会 需要 研究 不过 时间 知道 如果 出现 就是 什么 没有,相机功能多/强
不错 内存 拍照 感觉 功能,相机功能多/强
天半 电用 像素 耐用 照相 电池 清晰 强大 不错 值得 刚刚 功能 拥有 不到 非常 一次 可以,相机功能多/强
老公 不错 苹果机 喜欢 解锁 服务态度 好用 指纹 拍照 卖家 拆开 下班 灵敏 白天 上午 手机 效果 晚上 回来 特别 不是,夜拍拍摄效果差
功能强大 拍照 流畅 老婆 性能 不错 喜欢,相机功能多/强
不错 像素 服务态度 拍照 购物 清楚 功能 一次,相机功能多/强
机子 第一次 喜欢 挺不错 这个 觉得 拍照 性价比 产品 强大 不错 确实 功能 回来 一下 看到 然后 比较,相机功能多/强
音效 不卡 大运 服务态度 玩游戏 一如既往 不愧 客服 照相 流畅 宝贝 收到 音乐 功能 一点 十分 什么,相机功能多/强
很酷 新年礼物 很赞 电话 喜欢 水印 严实 充电 某人 照相 盒子 流畅 开心 包装 评价 黑色 一段时间 充满 不错 小时 找到 功能 觉得 时候,相机功能多/强
很赞 电话 水印 严实 充电 照相 金色 盒子 流畅 包装 评价 一段时间 充满 不错 小时 喜欢 找到 功能 觉得 时候,相机功能多/强
下单 内存 客服 国产 你们 黑屏 太次 第二天 天气 影响 美的 手抖 差评 情是 说会 还生 发表 储存量 开大 用后 广告语 一个劲 没下 差远了 一肚子气 立体声 四十多 赠品 啥意思 系统 原因 低音 最后 干嘛 刺耳 下雪 腾讯 照亮 照相 喇叭 占用 刀子 时说 因为 视频 行程 起来 还给 模糊 第五 什么 可以 差距 有机 第四 提示 收到 其它 脸色 半天 确认 做好 其次 理解 第三 似的 运行 总是 肯定 一天 同样 声音 还要 为什么 首先 多少 支持 直接 可是 关系 这么 北京 得到 那么 一直 一样 而且 工作 还有 问题 出现 不是 我们 没有,拍照模糊/不清晰
超薄 功能强大 内存 手感 拍照 老婆 音乐 手机 喜欢,相机功能多/强
拍照 充电 流畅性 反应速度快 效果 功能强大 操作 清晰度 摄像头 手感 机身 流畅 充满 小时 很快 速度 声音 系统 左右,相机功能多/强
清晰度 相片 充电 款式 顺畅 照相 真心 好看 两天 强大 不错 手机 速度 功能 尤其,相机功能多/强
拍照 三天 充满 强大 手机 喜欢 功能 左右 一般,相机功能多/强
照出来 照像 反光 模糊 不行 手机 有点 可以,拍照模糊/不清晰
买手机 自拍 国产手机 屏幕 对比 强大 不错 第一次 感觉 越来越 功能 选择 很大 当时 还是 现在,相机功能多/强
待机时间 自拍 瘦脸 到货 充电 物流 当天 不错 很快 速度 功能 只是 没有,相机功能少/弱
质感 拍照 好久 到手 流畅 一流 评论 不错 手机 功能 系统 非常 起来,相机功能多/强
售后 烤箱 新机 售前 四样 三样 不怎么样 推卸责任 比较 应该 前置 拍照 到手 解决问题 惊喜 两周 这边 透明 新疆 手机 遇到 努力 态度 等等 清楚 人家 回答 过来 服务 后来 大家 直接 觉得 最后 这是 但是 因为 还有 问题 这样 自己 我们,拍照模糊/不清晰
售后 烤箱 新机 售前 四样 三样 不怎么样 推卸责任 比较 应该 前置 拍照 到手 解决问题 惊喜 两周 这边 透明 新疆 进步 手机 遇到 努力 态度 等等 清楚 人家 回答 过来 服务 希望 后来 直接 觉得 你们 最后 这是 但是 因为 还有 问题 这样 自己 可以 我们,拍照模糊/不清晰
手机 也好 好好 快递 照相 反正 想象 第二次 强大 别的 质量 功能 服务 尤其 觉得 还是 没有,相机功能多/强
手机 快递 耐性 拍照 礼貌 客服 评论 送到 强大 晚上 几天 购买 第一次 很快 功能 使用 一个,相机功能多/强
美颜 买用 功能 发货 照相 一级 第一次 速度 推荐,相机功能多/强
手机 拍照片 没话说 京东 照相 商城 老公 物流 天天 习惯 女儿 更是 第一次 喜欢 功能 特别 还是 不是,相机功能多/强
拍照 手机 国产手机 功能 选择 超值 支持 音质 神器 礼品 语音 外观 国产 一款 时尚 先进 不错 值得 唯一 配置 第一次 拥有 可以,相机功能多/强
功能强大 照相 不错 第一次 感觉,相机功能多/强
自拍 功能强大 充电 买来 家人 不错 手机 朋友 第一次 感觉 速度 推荐 系统 以后 一般 不是 可以,相机功能多/强
双影 太强大 虚化 分屏 功能 好用 拍照 做工 精细 实用 好看 没想到 手机 值得 样子 第一次 真的 拥有 东西 这么 还有,相机功能多/强
手机 收纳袋 物超所值 解锁 功能强大 步步高 下单 发货 指纹 到货 充电 耐用 配件 机型 通话 好评 照相 音响 精美 齐全 国产 电池 包装 总之 敏感 清晰 第二天 强大 上午 打开 下午 第一次 感觉 速度 声音 比较 现在,相机功能多/强
国产机 买手机 官网 很赞 拍照 时隔 还是 不用说 惊喜 无论是 没想到 性能 不错 手机 总体 第一次 感觉 功能 销售 这么 一次 现在,相机功能多/强
买手机 快递 京东 拍照 强大 不错 手机 第一次 感觉 功能 整体 非常,相机功能多/强
大爱 卡机 第一眼 照相 玫瑰 犹豫 没有 不错 喜欢 功能 现象 还是,相机功能多/强
虚化 够用 拍照 流畅 电池 一段时间 不错 手机 背景 喜欢 运行 功能 尤其,相机功能多/强
光灯 自拍 美颜 虚化 效果 正合适 耗电 百分之 待机 刺眼 火线 电量 王者 充电 耐用 荣耀 客服 穿越 不论是 流畅 购物 好多 惊讶 满意 好好 令人 不错 手机 晚上 朋友 身边 很快 速度 一只 操作 服务 非常 左右 一次 还是 不是 可以,美颜效果好
自拍 很多 这家 柔光 热情周到 家买 效果 赠品 很漂亮 质感 拍照 性价比 客服 玫瑰 机身 同等 价位 购物 礼物 实用 对比 满意 强大 网络 手机 晚上 普通 态度 最好 购买 确实 推荐 功能 非常 特别 一次,相机功能多/强
手机 不给力 退掉 像素 整张 几款 拍照 聚焦 视频 这款 变形 模糊 失望 心想 对比 购买 相当 出来,摄像模糊
儿子 拍照 强大 不错 功能,相机功能多/强
柔光 美颜 评差 超赞 速度 极速 免息 开机 发货 音质 自带 网页 纯正 极快 拍照 人性化 如图 玫瑰 入手 不象 精致 惊喜 包装 完美 软件 清晰 尽快 颜色 打开 运行 不好 功能 考虑 非常 可以 没有,相机功能多/强
流畅性 自拍 速度 功能 打字 变慢 主打 键盘 繁琐 滑动 照相 有待 删除 苹果 出色 照片 总之 夜间 习惯 不错 手机 观察 毕竟 一张 喜欢 今天 原因 一下 特别 其他 还是 可能,相机功能多/强
一款 拍照 心动 到手 很久 强大 不错 手机 功能 终于 支持 非常 一直,相机功能多/强
拍照 粉红色 满意 强大 喜欢 功能,相机功能多/强
挺好用 发货 拍照 强大 手机 功能 服务 尤其,相机功能多/强
手机 那个 效果 照相机 不好 还是 照片 点卡 美颜 慢卡 感觉 像素 退货 自带 放大器 拍照 总的来说 相机 外甥 几张 价钱 知道 问题 一小 一款 追加 没法 对比 反正 评价 收到 怎么样 一段时间 更好 没有 网络 不错 几天 是不是 反应 本身 真的 别人 看看 选择 那么 一样 不会 因为 就是 自己 可以,美颜效果好
手机 自拍 舍友 买手机 不错 机了 虚化 刚考 官网 双摄 完研 喜欢 功能强大 实体店 京东 不要 嫌弃 几张 女生 因为 原谅 着急 原先 后悔 照片 同学 犹豫 信任 询问 对比 咨询 适合 不了 一张 样子 选择 原来 很多 最后 不会 出来 不能 还是 就是,相机功能多/强
没得说 闪光点 值得 运存 不负众望 功能强大 像素 赠品 内存 拍照 机型 女生 入手 一款 实用 来讲 犹豫 漂亮 对比 一部 手机 果然 购买 选择 比较 对于 之后 时候,相机功能多/强
功能强大 拿在手上 内存 男生 照相 灵敏 国产 总之 评价 合适 正好 一段时间 不错 值得 反应 购买 运行 很快 感觉 大小 支持 非常 方面,相机功能多/强
机子 不错 功能 柔光 自拍 屏占 运存 不太高 素高 效果 感觉 外放 边框 玩游戏 比大 耗电 摄像 音质 很窄 系统 一冲 音量 钟情 自带 特别 拍照 性价比 心动 耐用 通话 金色 方面 真心 人性 流畅 视频 惊喜 缺点 好看 时尚 优点 平常 细节 漂亮 大气 总结 的确 适应 强大 令人 方便 配置 不管 运行 清楚 有点 一天 非常 一点 很多 比较 之后 还是 起来 就是 这个,相机功能多/强
比多 木有 功能 自带 拍照 实话 软件 强大 相比 很多 不是,相机功能少/弱
同事 颜值 好用 拍照 评价 强大 喜欢 功能 之前 非常 一起 觉得,相机功能多/强
美颜 手机 不错 买安卓 天猫 卡机 用个 机子 像素 部手机 蓝牙 音箱 下单 老妈 够用 音质 旗舰店 亲朋好友 专卖店 相机 本想 苦苦 到手 直奔 这款 全家 长久 很久 听听 房间 实体 半个 每次 足够 等待 大概 总体 几天 喜欢 马上 感觉 听说 看来 推荐 才能 一年 只能 以前 希望 三个 之前 自然 后来 关注 上市 那个 以后 方面 所以 开始 可以 没有,美颜效果好
国产手机 摸透 物美价廉 对得起 质感 照相 性能 功能 看着 很多 比较 价格 方面 没有,相机功能多/强
自拍 美颜 杠杠 神器 果然 效果,美颜效果好
吹出来 功能强大 摄像头 五星 前置 拍照 好评 下次 礼物 好多 手机 尤其 非常 不是,相机功能多/强
美颜 双肩包 先试 功能 好用 赠品 开机 称心 拍照 两台 相机 乐趣 迫不及待 购物 一堆 满意 动态 收到 颜色 上午 下午 电话 速度 一下 特别 一次 其他 一些 还是,相机功能多/强
手機 美圖 照相 蘋果 功能 卡到 自拍 當時 好強 不卡 天想 喜歡 東來 一點 電視台 選擇 體驗 已經 兩個 果斷 這款 閒置 拍的還 覺得 幾張 考慮 不錯 打廣告 回來 店裡 看見 下單 帥哥 給我點 差到 這台 拔草 意中 朋友 相片 哈哈哈 不要 用到 能用 天真 一台 形容 完美 早上 天天 半年 收到 下面 下午 一下 但是 自己 可以,相机功能多/强
自拍 像素 功能 物有所值 强大,相机功能多/强
美颜 正品 清晰度 发票 相机 敏捷 查询 正规 满意 效果 反应 服务 非常 特别,美颜效果好
赞赞 满意 电用 正品 清晰度 相机 礼品 来讲 其它 手机 总体 感觉 有点 比较 特别 不是 就是,拍照模糊/不清晰
蓝牙 棒棒 美颜 不错 挺快 杠杠 很快 非常 耳机 质感 充电 很慢 相机 用电 音响 满意 手机 总体 喜欢 起来 就是,美颜效果好
用个 拍照 还好 苹果 一段时间 喜欢 感觉 功能,相机功能多/强
自拍 太强大 超级 喜欢 很快 速度 功能,相机功能多/强
不错 美颜 虚化 卡机 功能 真快 赠品 自带 拍照 收到 第二天 手机 状况 运行 很快 速度 出现,相机功能多/强
虚化 像素 摄像头 按理说 前置 但是 真心 清晰 对比 不错 不如 背景 最好 家里 功能 应该 还有 这个 没有,拍照模糊/不清晰
虚化 像素 摄像头 按理说 前置 但是 真心 清晰 对比 不错 不如 背景 最好 家里 功能 应该 还有 这个 没有,相机功能多/强
视频 外观 充了 美到 没差 大爱 美拍 给力 自恋 爆棚 功能 玫瑰色 拿在手上 高清 五分钟 不要 如愿 特别 充电 音色 美化 通话 屏幕 特地 冲着 精致 好看 尺寸 舒服 失望 就是 满意 合适 音乐 大大 颜色 自动 心情 一下子 没有 手机 不得不 果然 配置 确实 运行 很快 真的 大小 终于 当然 一切 的话 一下 而且 目前 可以,美颜效果好
很漂亮 自拍 抢镜 虚化 分屏 超窄 超赞 白条 解锁 功能 外观设计 指纹 内存 超大 充电 屏幕 玫瑰 再也 方便 下面 前面 不用 放在 背景 很快 担心 别人 非常 还有,相机功能多/强
美颜 拍照 充电 灵敏 总之 漂亮 效果 刚刚 反应 很快 速度 非常,美颜效果好
棒棒 美颜 满分 哈哈哈 效果,美颜效果好
实体店 拍出 京东 拍照 照亮 明明 模糊 照片 本来 相信 有点 这次 为什么,拍照模糊/不清晰
不错 男神 国产手机 相机 屏幕 曙光 细腻 手机 感觉 功能 看到,相机功能多/强
清晰 画质 虚化 内存 王者 拍照 荣耀 屏幕 不带 流畅 时尚 强大 年轻 背景 最好 运行 功能 特别,相机功能多/强
附送 萌萌 内存 非常 超强 拍照 礼品 好评 实用 平稳 喜欢 运行 功能 不仅 而且,相机功能多/强
自拍 喜欢 功能强大 美美 内存 拍照 赠送 音响 存储 一段时间 方便 孩子 很大,相机功能多/强
美颜 颜值 挺好用 顿闪退 一充 游戏卡 真实感 欠佳 拍照 方面 硬件 不怎么 女孩子 电池 总之 适合 一部 不行 手机 效果 一天 现象,美颜效果好
拍照 强大 不错 手机 功能 一个,相机功能多/强
拍照 强大 不错 功能,相机功能多/强
功能强大 拍照 好评,相机功能多/强
美颜 拍照 相机 灰色 好看 强大 不错 不好 感觉 就是,美颜效果好
音箱 拍照 购物 哈哈 满意 强大 手机 喜欢 功能 一次,相机功能多/强
喜欢 功能强大 发货 拍照 下手 外观 漂亮 评价 强大 赶快 几天 很快 速度 功能 使用,相机功能多/强
卡顿 薄厚 手机软件 功能 够用 拍照 适中 没错 外观 强大 没有 不错 手机 现象 就是,相机功能多/强
亲们 拍照 说好 同事 犹豫 强大 手机 几天 喜欢 感觉 功能 任何 发现 问题 目前,相机功能多/强
功能强大 专有 拍照 流畅 外观 实用 软件 手机 运行 功能 一些,相机功能多/强
上档次 拍照 一如既往 外观 大气 强大 喜欢 真的 功能,相机功能多/强
功能强大 服务态度 拍照 合适 不错,相机功能多/强
拍照 不错 手机 流畅 挺棒 系统优化 算是 颜值 主摄 逆天 不卡顿 闪充 双摄 运行 超薄 解锁 像素 功能 短板 指纹 摄像头 处理器 手感 耐用 用过 不差 屏幕 而且 做工 灵敏 真心 首选 外观 亮点 缺点 电池 这点 优点 软件 均衡 下载 没什么 总结 性能 强大 前面 关键 总体 配置 实在 质量 反应 最好 很快 本身 感觉 速度 人士 来说 非常 几个 表现 问题,相机功能多/强
拍照 流畅 媳妇 满意 强大 不错 手机 运行 功能,相机功能多/强
一会 买手机 低配 还元 一锁 拍照 闪现 忽悠 红光 但是 价钱 现在 摆在 高价 不及 清晰 毕竟 绝对 竟然 变成 真是 正常 这么 以后 不能 出现 这样,拍照模糊/不清晰
功能 送货 还行 拍照 探索 很快 速度 其他,相机功能多/强
杠杠 拍照 真心 功能,相机功能多/强
拍照 不错 确实 功能,相机功能多/强
听歌 物有所值 拍照 舒服 喜欢 功能,相机功能多/强
功能 不错 分屏 喜欢 一边 很棒 拍照 最最 礼品 聊天 真心 视频 方便 起来,相机功能多/强
美颜 不错 手机 拍照 相机 不比 外观 喜欢 功能 支持 一点 一直 起来,相机功能多/强
手机 速度 越做越 强悍 拍照 充电 这款 宝贝 对比 收到 不错 第一次 运行 感觉 功能 最终 希望 支持 一下 关注 决定 已经,相机功能多/强
指纹锁 音质 轻薄 拍照 几张 摄影 外形 方便 不错 作品 功能,相机功能多/强
单反相机 挺好用 拍照 好评 功能 可以,相机功能多/强
非常 丹丹 好用 拍照 客服 夜里 清晰 评价 一段时间 强大 清楚 功能,相机功能多/强
来电显示 拨号 拍照 快捷 一如既往 完美 功能 其他 还是 就是,相机功能多/强
拍照 收到 手机 功能,相机功能多/强
不错 送货上门 易购 下回 拍照 屏幕 苏宁 购物 到位 手机 效果 喜欢 功能,相机功能多/强
视频 自拍 虚化 很棒 关灯 杂音 高清 原因 拍照 几张 价位 完美 满意 放大 简直 手机 总体 真的 好像 功能 看看 声音 来说 你们 不过 但是 还是 知道 这个 可以,相机功能多/强
拍照 强大 功能 研究 就是,相机功能多/强
手游 拍照 可惜 确实 有点 功能 还是,相机功能多/强
单反 太强大 拍出 拍照 手机 效果 功能,相机功能多/强
安卓 很桑心 听歌 内存 拍照 苹果 满意 永远 不错 手机 不如 速度 功能 特别 就是 这个,相机功能多/强
手机 追评 拍照 齐全 国产 喜欢 功能 过来 支持 非常 东西 特别 正在 之后,相机功能多/强
充电器 指纹识别 顺丰 补货 很快 插曲 拍照 充电 完美 强大 回去 中间 有点 功能 过来 但是 不能 如果 问题 一个,相机功能多/强
拍照 全家 强大 相当 功能,相机功能多/强
拍照 礼品 一流 满意 不错 手机 值得 购买 功能 非常,相机功能多/强
拍照 外观 漂亮 强大 真的 功能,相机功能多/强
单手操作 送货 五星 性价比 屏幕 照相 适中 不错 手机 效果 朋友 喜欢 很快 大小 速度 推荐 功能 服务,相机功能多/强
手机 闪退 小游戏 像素 速度 外放 挺不错 价廉物美 发货 十分满意 偏小 拍照 性价比 看电视 小米 耐用 千元 屏幕 太高 外观 光线 上网 电池 漂亮 也好 晓得 清晰 合适 不错 反应 喜欢 里面 很快 大小 有点 服务 声音 原因 条件 今年 一般 不过 两个 还是 起来 不是 什么,拍照模糊/不清晰
解锁 拍照 红润 出来 清晰 手机 前面 不了 那种 很快 程度 比较 不是,拍照模糊/不清晰
模糊 照片 是不是 有点,拍照模糊/不清晰
彭于 代言 性价比 好评 照相 苹果 时尚 收到 强大 不错 功能 没有,相机功能多/强
国产机 赠品 拍照 实用 总之 评价 收到 算是 强大 手机 几天 运行 很快 功能 支持 比较,相机功能多/强
非常 拍照 屏幕 清晰 强大 不错 手机 几天 喜欢 运行 感觉 速度 功能,相机功能多/强
赠品 拍照 国产 还给 拿到 音乐 强大 不错 手机 效果 感觉 功能 支持 很多,相机功能多/强
手机 喜欢 星空 不错 女孩子 超级 这个 特别 适合 美颜 真的 太爱 留用 相机 男朋友 屏幕 特此 入手 牌子 哈哈 忽视 本人 颜色 强大 确实 大小 功能 很大 准备 觉得 一直 但是 一个,美颜效果好
手机 喜欢 星空 不错 女孩子 超级 这个 特别 适合 美颜 真的 太爱 留用 相机 男朋友 屏幕 特此 入手 牌子 哈哈 忽视 本人 颜色 强大 确实 大小 功能 很大 准备 觉得 一直 但是 一个,相机功能多/强
图标 质感 拍照 点击 流畅 好看 软件 强大 手机 打开 确实 喜欢 功能,相机功能多/强
摄像头 不错 手机 反应 清楚 有点 就是,拍照模糊/不清晰
客服 耐心 买手机 棒棒 贴膜 超快 双卡 顺丰 功能强大 正品 摔坏 哈哈哈哈 售后 自带 极品 贴心 拍照 解说 下决心 手表 问题 验证 犹豫 不多 手机 网上 打开 女儿 手里 解释 第一次 总是 有点 终于 准备 不要 各种 怎么 不会 还有 由于 这个,相机功能多/强
手机 保护套 不错 贴膜 隔天 真的 很棒 赠品 买回来 贴心 照相 音乐 强大 效果 自身 喜欢 很快 速度 功能 而且,相机功能多/强
自拍 啊啊啊 美颜 手机 美美 果断 果然 效果,美颜效果好
美颜 相机 外观 好看 不错 手机,美颜效果好
美颜 用久 很赞 拍照 相机 玫瑰 小孩子 好看 老婆 颜色 不错 手机 跟着 购买 真的 推荐 希望 一起 一点 很多 东西,美颜效果好
功能强大 送货 手感 拍照 手机 速度,相机功能多/强
手机 不卡 功能强大 大屏幕 玩游戏 拍照 好看 性能 不错 样子 喜欢 一点,相机功能多/强
拍照 手机 国产机 真不错 几张 很强 物流 忍不住 喜欢 很快 本身 功能 但是 就是,相机功能多/强
拍照 好评 强大 手机 喜欢 功能,相机功能多/强
实体店 很漂亮 拍照 卖家 分期 外观 利息 强大 手机 值得 态度 购买 运行 很快 速度 功能 价格 一样,相机功能多/强
好用 照相 超级 强大 手机 功能,相机功能多/强
不错 手机 摄像 王者 荣耀 牌子 用来 朋友 功能 很多 然后 东西 而且,相机功能多/强
手机 追评 摄像 用过 有种 瞬间 一款 高大 收到 强大 喜欢 感觉 功能,相机功能多/强
美图 手机 国产手机 功能强大 不相上下 拍照 值得 购买 功能 支持 特别,相机功能多/强
惊艳 很漂亮 出乎意料 照相 完美 体验 手机 功能 特别,相机功能多/强
非常 网速 超好 触感 很漂亮 照相 机身 照片 漂亮 满意 颜色 手机 总体 功能 尤其,相机功能多/强
我试 挺不错 拍照 同事 本人 强大 手机 喜欢 功能,相机功能多/强
功能强大 照相 外观 漂亮 好好 颜色 手机 声音,相机功能多/强
手机 大爱 非常 拍照 品质 漂亮 强大 保障 功能 一直,相机功能多/强
手机 功能强大 拍照 能用 外观 好看 拿到 一段时间 一部 不错 符合 总体 反应 很快 速度 希望 第一 需求 一点 已经,相机功能多/强
内存 照相 满意 方便 手机 喜欢 真的 功能 尤其,相机功能多/强
功能强大 非常 照相 漂亮 手机 喜欢,相机功能多/强
大爱爱 照相 物流 手机 喜欢 功能,相机功能多/强
自拍 手机 室友 功能强大 国货 摄像 三张 手感 轻便 高大 清晰 差别 前面 很大 支持,相机功能多/强
美颜 登山包 棒呆 拉杆箱 喜欢 淋漓尽致 拍照 过年 刚好 老婆 适用 手机 回去 质量 不少 东西 特别 表现 一个,美颜效果好
手机 照片 使用 试机 卡顿 听歌 发烧友 玩游戏 比较满意 重度 户外 几张 还是 刚好 不是 电池 模糊 偶尔 游戏 评论 放大 两天 不错 不用 担心 一天 维持 声音 较大 后来 完全 比较 问题 可以,拍照模糊/不清晰
手机 卡机 玩游戏 拍照 顺手 外形 强大 方便 值得 喜欢 功能 操作 拥有 还有 起来,相机功能多/强
自拍照 柔光 自拍 信价 好评 强大 手机 功能,相机功能多/强
棒棒 自拍 拍景 虚化 摄像 强大 手机 功能 比较,相机功能多/强
美颜 手机 挺快 真不错 粉色 实惠 好看 完美 递给 反应 非常 东西,美颜效果好
追评 几天 确实 正品 强悍 拍照 辗转 几件 再来 出入 拿到 不错 手机 感觉 速度 介绍 功能 容易 一天 东西 不过 可以,相机功能多/强
死机 手机 叠影 摄像头 拍出 前置 拍照 购物 模糊 体验 失望 照片 几次 效果 不好 现象 出现,拍照模糊/不清晰
手机店 改天 原装 有空 耐用 屏幕 懒得 照相 电磁 清晰 手机 是不是 看看 很多 但是 不是 没有,拍照模糊/不清晰
不错 美颜 功能 赠品 很漂亮 自带 拍照 老公 三天 清晰 收到 的确 手机 样子,美颜效果好
手机 功能强大 赠品 外观设计 拍照 简洁 大方 流畅 实用 上网 速度 很多,相机功能多/强
功能强大 蓝牙 物流业 音质 拍照 音响 不错 手机 确实 很快 使用,相机功能多/强
功能 挺不错 试了试 照相 顺手 段时间 电池 一段时间 强大 手机 受到 全部 需要 主要,相机功能多/强
实体店 照相 太烂 再差 比差 发过来 上当受骗 耳机 模模糊糊 配送 上当 好不好 实用 自己 没有 手机 后面 效果 一边 功能 过来 希望 除了 不要 东西 一样 不会 以后 其他 不能 还是 这些 我们,拍照模糊/不清晰
拍出 拍照 别致 美观 景色 外形 无论 强大 手机 效果 人物 功能 还是,相机功能多/强
一般般 自拍 美颜 不错 手机 有点 系统,美颜效果好
像素 拍照 适合 强大 手机 朋友 喜欢 功能 非常,相机功能多/强
手机 照出来 像素 相片 手感 适中 清晰 音乐 强大 值得 功能 拥有,相机功能多/强
手机信号 拍照 不通 电话 经常 功能 不到 非常 比较,相机功能多/强
不错 抗用 像素 不发 手感 充电 好玩 相机 好评 客服 迫不及待 一到 照片 游戏 清晰 手机 打开 很快 真的 功能 重点,相机功能多/强
大爱 功能强大 真品 瑕疵 拍照 礼品 购物 满意 两天 手机 运行 很快 一次 已经 没有,相机功能多/强
拍照 性能 强大 不错 手机 功能 已经,相机功能多/强
棒棒 美颜 运存 做粉 慢些 越做越 相片 网页 精致 外观 手机 打开 理解 不了 品牌 竟然 唯一 难以 某些 速度 多少 希望 甚至 时候 方面 这样 就是 这个 已经,美颜效果好
店家 很赞 卡顿 效果 好像 很棒 音质 礼品 实惠 做事 生意 效率 信号 强大 没有 手机 几天 感觉 越来越 速度 功能 一天 希望 很多 之后 出来 时候 但是 问题 不是 这个 可以,相机功能多/强
钢化 收到 对焦 不错 手机 顺丰 刚买 总得来说 不灵敏 隔天 赠品 发货 十几天 拍照 跟不上 卖家 出得 圣诞节 屏幕 录像 太快 惊喜 模糊 节奏 喜欢 不好 有点 以为 服务 后来 一点 很多 还有 还是 开始 就是 这个 什么,摄像模糊
挺棒 自拍 像素 很棒 应用程序 发货 加密 一个半 隐私 选项 清晰 收到 其它 第二天 充满 强大 手机 文件 大概 总体 而言 小时 喜欢 很快 感觉 功能 一天 个人 那里 一点 管理 使用 需要 开始 不是 就是 这个 没有,相机功能多/强
给力 赠品 拍照 送到 强大 不错 手机 功能 下来 还是,相机功能多/强
太强大 所值 亲们 拍照 充电 快点 下手 舒服 物价 手机 总体 喜欢 很快 功能 来说,相机功能多/强
棒棒 美颜 手机 解锁 像素 指纹 灵敏 清晰 评价 收到 早就 几个 特别 而且,美颜效果好
很赞 照相 强大 方便 不错 手机 功能 使用 起来,相机功能多/强
哈哈哈 功能强大 相片 三张 虚幻 五星 照相 漂亮 下面 不错 手机 总体 背景 感觉,相机功能多/强
手机 外挂 有点像 照相 苹果 性能 不错 功能,相机功能多/强
美颜 手机 像素 服务态度 正品 质感 耐用 卖家 客服 礼物 好看 电池 物流 清晰 不错 值得 样子 很快 真的 拥有 大家 一些,美颜效果好
收到 不错 手机 很赞 赠品 下单 快递 性价比 照相 第一天 惊喜 超级 包装 无论是 第二天 上午 晚上 感觉 功能 一天 首先 以后 还是,相机功能多/强
自拍 钢化 适应 不错 不爱自 追评 机子 供参考 功能强大 新机 智能机 没用过 赠品 下单 广告宣传 叹服 神器 对得起 拍照 送上 两张 妹子 到手 入手 国产 照片 拿到 物流 一会 两天 第二天 平时 性能 确实 喜欢 很快 保护 以前 首先 积极 完全 价格 一样 而且 以后 开始 不是 可以,相机功能多/强
自拍 手机 很赞 虚化 点赞 小哥 喜欢 很棒 蓝牙 大年三十 外观设计 音质 快递 自带 体积小 拍照 充电 繁琐 放假 播放 赠送 音响 国产 可爱 容量 软件 送到 音乐 第二天 自动 强大 效果 背景 反应 确实 里面 功能 个人 首先 迅速 支持 最后 而且 出来 可以,相机功能多/强
单反 我用 双摄 国产手机 摄像 拍出 佼佼者 夜间 适合 不够 效果 功能,夜拍拍摄效果差
朋友圈 虚化 双摄 像素 美美 干嘛 过年 照片 清晰 强大 喜欢 功能 可以,相机功能多/强
点钟 很值 顺丰 感觉 真的 部手机 快递 手感 拍照 太快 前一天 大吃一惊 流畅 精致 外观 很强 包装 早上 拿到 第二天 手机 打开 下午 运行 功能 以后 起来,相机功能多/强
电量 超快 很合 我意 顺丰 触屏 智能机 拍照 秒杀 外观 就是 简直 两天 区别 不错 后期 不足 速度 功能 来看 不过 还是 目前 出现 可以,相机功能多/强
优化 很赞 顺丰 总得来说 内存 续航 主打 充电 飞快 摄影 超级 就是 两天 不够 广东 不错 手机 感觉 真的 速度 功能 希望 系统 能力 能够 北京 还是,相机功能多/强
美颜 挺快 正品 赠品 实用 物流 本人 效果 反应 很快 有点 一天 就是,美颜效果好
美颜 不用 修图 十级 自己 美美 好玩 相机 试用 照亮 礼物 送给 下载 真的 回来 一下 发现 这个,美颜效果好
号点 功能强大 预定 好多 收到 晚上 喜欢 今天 非常 东西 特别,相机功能多/强
噪点 解锁 外放 音质 指纹 夜景 挑剔 耳机 对得起 拍照 触摸 价位 弟弟 白天 没什么 方便 效果 不管 喜欢 只能 一般 一些 还是 这个,夜拍拍摄效果差
好评 毛病 祝大卖 木木 正品 赠品 物美价廉 支持 快递 超强 五星 拍照 客服 国产 好看 超级 满意 收到 颜色 手机 绝对 喜欢 功能 非常 还有 已经,相机功能多/强
柔光 自拍 灰色 好看 强大 功能 特别,相机功能多/强
很快 不错 偏贵 充一 抓拍 毫安 收货 解锁 十五分钟 耗电 音质 指纹 店家 续航力 拍照 充电 谅解 特地 白天 改进 确认 晚上 几天 小时 一天 整体 首先 很大 一点 价格 需要 一般 问题,夜拍拍摄效果差
不卡顿 玩游戏 非常 拍照 特地 评价 强大 手机 值得 几天 感觉 速度 功能 这个,相机功能多/强
照相 入手 特地 评价 赶紧 强大 不错 感觉 速度 功能 方面,相机功能多/强
像素 拍照 特意 评论 强大 不错 几天 感觉 功能 非常,相机功能多/强
手机 日常 自拍 颜值 不卡 双待 充到 双卡 包都 功能强大 像素 蓝牙 越做越 侧重点 收纳 音质 内存 后置 王者 拍照 充电 使用 荣耀 音响 这款 外观 国产 实用 特意 游戏 评论 足够 一段时间 不错 小时 很快 大型 来说 支持 很多 最后 如果 问题 不是 一个,相机功能多/强
截图 拍照 功能 晒晒 刚买 解锁 广告词 见谅 指纹 趣味 敏捷 照亮 这下 哈哈 验证 齐全 特意 超级 照片 清晰 评价 程序 几天 喜欢 很快 不好 儿子 连续 大家 现在 可以,相机功能多/强
短信 过滤 手机 照象 炒鸡 挺快 功能 耗电量 还行 小米 打扰 拍摄 特意 广告 可以 满意 评价 两天 图片 强大 下面 不错 唯一 速度 接受 范围 那些 使用 一样 如果 就是 没有,相机功能多/强
喜欢 近照 像素 适中 拍拍 特意 女孩 模糊 评价 不错 手机 几天 清楚 很大,拍照模糊/不清晰
拍照 流畅 强大 功能,相机功能多/强
自拍 美颜 效果 很棒 小巧 礼品 精致 实用 电源 移动 喜欢,美颜效果好
闪退 拍照 礼品 老是 淘宝 怎么回事 满意 宣传 强大 手机 力度 功能 活动 就是,相机功能多/强
柔光 自拍 挺快 像素 拍照 不愧 满意 功能 一般,相机功能多/强
美颜 特别 拍照 顺手 效果 晚上 喜欢,美颜效果好
物有所 美颜 像素 赠品 下手 一款 赶紧 不错 手机 效果 喜欢 还有,美颜效果好
美颜 喜欢 大屏幕 拍照 好评 一大堆 哈哈 惊喜 收到 一级 一段时间 手机 效果 东西 特别,美颜效果好
特别 使用 男神 颜值 爆表 功能强大 爱得 代言 照相 外表 流畅 不得了 女孩子 追加 适合 一段时间 流行 更加 系统 还是 这个,相机功能多/强
自拍 外观 适合 相似 手机 确实 女人 功能 还是 可以,相机功能多/强
功能 弧面 按下 更美 像素 相册 挺不错 外观设计 摄像头 中长 多加 相机 美观 视频 看起来 正面 可以 门前 玻璃 上方 组合 记录 不错 声音 除了 几个 还有 影响 一个,相机功能多/强
屏保 不错 功能强大 圆满解决 赠品 舒心 插曲 店家 比较 惬意 拍照 屏幕 情趣 顺手 细腻 外观 时尚 清晰 方便 手机 确实 喜欢 有点 尽管 特别 使用 起来,相机功能多/强
颜值 外观 时尚 很棒 拍照 游戏 美颜 会卡下 小游戏 不卡 我用 给力 超好 很合 玩大点 配置 超薄 像素 边框 玩游戏 贴心 极致 手感 充电 差一点 屏幕 心意 流畅 顺手 刚好 缺点 电池 不太 优点 偶尔 看起来 漂亮 手下 满意 反正 总结 适合 方便 不错 手机 关键 效果 晚上 要是 运行 感觉 大小 很大 自然 系统 非常 几个 比较 而且 不过 这个 可以,美颜效果好
功能强大 五星 手感 拍照 敏捷 美观 外形 收到 不错 手机 反应 喜欢,相机功能多/强
超给力 虚化 两不误 赞赞 双摄 解锁 功能强大 指纹 头天 京东 照相 聊天 视频 外形 物流 漂亮 第二天 方便 手机 喜欢 功能 两个 还有,相机功能多/强
挺不错 摄像 大黑 强大 喜欢 感觉 功能 就是,相机功能多/强
喜欢 功能 分屏 快递 拍照 反正 手机 下午 晚上 几天 很快 支持 特别 产品 以后 继续,相机功能多/强
手机 顺丰 功能强大 拍照 配件 其他 牌子 外观 齐全 好看 早上 收到 第二天 不错 不用 晚上 朋友 喜欢 很快 真的 推荐 很多,相机功能多/强
手机 很赞 顺丰 功能强大 拍照 配件 好评 客服 其他 星星 牌子 外观 齐全 好看 早上 收到 第二天 不错 不用 晚上 朋友 喜欢 很快 真的 推荐 服务 很多,相机功能多/强
吆西 差劲 凑合着 摄像头 前置 看吧 照亮 评价 图片 不错 最新 品牌 晚上 身边 大家 就是,夜拍拍摄效果差
照出来 不清 照片 为什么,拍照模糊/不清晰
顺丰 非常 拍照 女生 哈哈 外观 完美 失望 漂亮 满意 总结 适合 速度 功能 最终 首先 之前 选择 比较 特别 一直 两个 没有,相机功能多/强
柔光 自拍 美颜 用起 忠粉 每根 看得清 步步高 到货 无敌 前置 试用 牌子 眉毛 清晰 评价 习惯 别的 几天 愿意 真是 很快 特别 一直 这个,美颜效果好
内存 拍照 买手机 足够 手机 我意 岗岗 相素合 功能 挺不错 冲着 就是 一段时间 满足 喜欢 要求 这样 这个 已经,相机功能多/强
赠品 手机 没选 追评 官网 喜欢 大小 正品 查过 三个 智能手机 鲜亮 份量 零碎 手感 拍照 手软 屏幕 好评 还好 国产 实用 苹果 拿到 评论 色彩 后期 反应 第一次 真是 功能 很多 怎么 不过 还有 知道 问题 这个 已经,相机功能多/强
翻盖 不错 别介意 人长 点半 速度 以前 下单 音质 到货 送货 非常 拍照 表扬 时候 哈哈 说实话 完美 做到 音乐 强大 上午 手机 不如 总体 努力 值得 效果 下午 感觉 相当 第二 功能 首先 其实 继续 还是 如果,相机功能多/强
棒棒 美颜 手机 超爱 性价比 多功能 放心 效果 购买 真的 大家 一次 一直 研究 两个,美颜效果好
京东 正品 拍照 商城 失望 信任 第二天 强大 不错 手机 昨天 功能 结果 非常 一直,相机功能多/强
自拍 美颜 相机 界面 好看 不错 手机 效果 手里 反应 感觉 迅速 系统,美颜效果好
快递 光灯 自拍 美颜 不错 虚化 正品 赠品 拆封 原装 刺眼 惊讶 无论是 激动 两天 令人 手机 背景 有点 非常 时候 还是 不是 没有,美颜效果好
输入法 不卡用 自带 照相 过年 还是 耽误 还好 有时候 下载 物流 成都 不错 手机 功能 声音 特别 发现 出来 时间 可以 一个,相机功能多/强
非常 自拍杆 机子 小哥 特快 送个 下单 快递 到货 支架 照相 物流 之类 三天 更好 强大 上午 不错 手机 下午 唯一 态度 有点 速度 功能 觉得 东西 使用 就是,相机功能多/强
美颜 音效 太强大 双摄 功能 真快 拍得 瑕疵 自带 迫不及待 还好 物流 收到 手机 脸上 清楚 感觉 有点 一天 非常 出来 就是,相机功能多/强
美颜 很漂亮 媳妇 满意 不错 手机,美颜效果好
感觉 手机 特别 快递 拍照 屏保 买手机 不错 抢上 顺丰 簿款 国产手机 小哥 喜欢 小伙伴 服务态度 功能 音质 性价比 呵呵 照相 时候 优惠活动 一款 光线 很久 苹果 首发 清晰 合适 图片 强大 效果 晚上 质量 家里 尤其 支持 结果 非常 很多 一直 不会 以后 不过 一定 但是 还是 如果 起来 现在 不是 没有,相机功能多/强
京东 花生糖 虚化 素高 喜欢 赠品 下单 送货 镜像 最爱 客服 果断 拍摄 女孩 手机 背景 功能 服务 选择,相机功能多/强
美颜 大屏幕 相机 不错 分屏 像素 要冲 视频 还有 还好 皮肤 一段时间 手机 喜欢 感觉 真的 功能 一般,美颜效果好
非常 细致 柔光 自拍 美颜 效果 比美 感觉 好用 眼睛 锁定 实用 自动 手机 真的 整个 自然 一点 出来 时候 但是 还有 可以,美颜效果好
顺丰 功能强大 好用 下单 最大值 非常 店家 拍照 试用 礼物 挖掘 三天 收到 第二天 手机 很快 速度 最后 只是 出来 还是,相机功能多/强
中好 相机 想象 功能,相机功能少/弱
相机 不错 功能 整体,相机功能多/强
美颜 不卡 闪充 双引擎 解锁 服务态度 丹丹 音质 指纹 自带 特别 拍照 相机 客服 赠送 流畅 开心 购物 耐心 礼物 实用 清晰 不错 启动 手机 运行 速度 系统 一次,美颜效果好
照片 柔光 满分 阴天 肤色 照相 下雨 段时间 清晰 强大 不错 效果 真的 功能 非常 十分 这么 出来 还有,相机功能多/强
自拍 功能强大 像素,相机功能多/强
特别 美颜 像素 金粉 摄像头 前置 拍照 玫瑰 女孩子 超级 物流 满意 适合 强大 效果 尤其 来说 目前,美颜效果好
收到 大爱 拍照 礼物 老板 喜欢 运行 很快 速度 功能,相机功能多/强
耳机 调包 美颜 偏黄 音效 重低音 吊炸天 逗机 漏音 有点 新机 原装 付费 屏幕 字体 垃圾 一点点 稍微 失望 简直 怀疑 没有 主题 一半 别的 反应 很快 严重 声音 完全 就是 什么,美颜效果好
美颜 手机 不错 非常 清晰 不会 对焦 程序运行 运存 后台程序 很佳 虚化 机子 运行 新机 速度 很棒 流线 够用 摄像头 很漂亮 续航 手感 拍照 充电 屏幕 到手 机身 流畅 视频 外观 发热 缺点 上网 舒服 电池 优点 便宜 厉害 优化 总结 足够 更好 方便 金属 效果 手里 显得 背景 反应 喜欢 很快 感觉 整体 更加 当然 稳定 很大 尽管 自然 系统 可是 价格 时候 方面 影响 什么 可以,美颜效果好
给力 功能强大 新机 音质 照相 还好 遗憾 不够 不错 唯一 功能,相机功能多/强
新品 拍照 强大 功能 一样 就是,相机功能多/强
性能 美颜 手机 拍照片 不卡 玩个 非常适合 内存 相机 新颖 价位 时尚 游戏 这个 漂亮 合适 不错 运行 感觉 相当 非常 一点 比较 自己,美颜效果好
自拍 信号强度 太强大 不卡 正品 纠结 多余 国产 手机 反应 喜欢 真是 担心 功能 支持 结果 开始 不是 就是,相机功能多/强
手机 钢化 信号强度 实体店 赠品 期待已久 划算 拍照 金色 一大堆 流畅 好看 强大 不错 总体 喜欢 功能 特别 两个 还有 一个,相机功能多/强
非常 星空 拍照 眼看 详细 性能 强大 手机 喜欢 功能 尤其 第一 了解 直接 决定 而且,相机功能多/强
充电 流畅性 美颜 不错 挺快 杠杠 很快 蓝牙 音质 续航 耳机 拍照 相机 用电 效果 速度 操作 能力 起来,美颜效果好
一般般 照相 想象 强大 功能 没有,相机功能少/弱
美颜 视屏 待机 音量 电量 拍照 变小 怎么回事 模糊 清晰 自动 不错 手机 功能 空间 一点 知道 就是 可以,美颜效果好
手机 一款 美颜 很快 像素 反应速度 充电 价位 思考 漂亮 强大 不错 值得 速度 功能 接受 不过 这样 可以,美颜效果好
解锁 指纹 摄像头 后置 清晰 有点 问题 不是,拍照模糊/不清晰
拍照 居然 提醒 二十遍 触屏 卡死 功能 开机 失灵 设计师 沿用 失望 什么 火爆 提示 第二天 强大 停止 每天 运行 现象 然后 那么 使用 之后 出现 没有,相机功能少/弱
美颜 做工 流畅 精致 真的 系统 重要,美颜效果好
手机 收到 单买 美颜 挺快 蓝牙 音箱 完好无损 到货 神器 一下 特别 性价比 充电 看电视 总的来说 屏幕 照相 赠送 鲜艳 特意 便宜 感受 满意 色彩 评价 就算 两天 真实 外面 打开 确实 真是 清楚 第二 功能 第一 价格 使用 不能 还是 这个 可以 主要,美颜效果好
自拍 相机 美颜 瘦脸 脸小 姑娘 部手机 沉迷于 这么回事 自带 不能 明明 否认 一脸 软件 下载 无奈 不好 真的 功能 之前 于是 来说 几个 那么 怎么 对于 这是 问题 可以 一个,相机功能少/弱
相机 垃圾 人发 魅蓝 花钱买 舍得 没用 办公 不能 还好 有时候 平常 有用 照片 下载 官方 本人 颜色 图片 文字 编辑 手机 关键 资料 哪里 功能 直接 可是 过去 一次 显示 时间 知道 这个,相机功能少/弱
后置 特效 前置 王者 拍照 荣耀 清晰 不如 效果 为什么 而且,拍照模糊/不清晰
自拍 功能 更新 一个月 不行 美颜 求问 问刚 刚买 不怎么样 大神 拍照 解答 怎么回事 天天 差不多 普通 昨天 最近 感觉 今天 系统 一下 发现,相机功能少/弱
摄像头 模糊 怎么办,拍照模糊/不清晰
想象 中好 中薄 拍照 功能,相机功能少/弱
中好 超薄 好用 预想 拍照 小米 速度 功能 就是,相机功能少/弱
拍照 触屏 迟钝 镜头 灵敏 真实 强大 没有 始终 介绍 功能 其实 那么 不是,相机功能少/弱
美颜 正品 拍照 五分 好评 宝贝 收到 图片 效果 质量 一下 一样,美颜效果好
一般般 功能强大 拍照 其他,相机功能少/弱
充满 不错 解锁 功能 指纹 纠结 拍照 性价比 充电 耐用 能用 灵敏 流畅 好看 电池 清晰 想象 正好 强大 手机 值得 确实 很快 大小 推荐 容易 希望 系统 最后 不过 还是 没有,相机功能少/弱
初体验 指纹识别 闪充 机子 很快 一般化 速度 下单 关机 电量 买个 充电 办成 机型 照相 入手 外出 差点 办事 评价 追求 网友 半天 不错 下午 满足 不足 本身 功能 不到 之前 事情 非常 一下 看到 直接 要求 那么 以上 因为 就是 这个,相机功能少/弱
下自 还是 蓝牙 纠结 主打 照相 音响 不怎么 流畅 光线 好看 拿到 满意 半天 总体 值得 购买 第一次 喜欢 功能 之前 后来 使用 发现 时候 其他 情况,相机功能少/弱
问题 部手机 售后 拍照 手机 遇到 总是 感觉 功能 大部分 不要 应该 各种 使用 以后 一般 时间 还有 就是,相机功能少/弱
手機 美圖 照相 蘋果 功能 卡到 自拍 當時 好強 不卡 天想 喜歡 東來 一點 電視台 選擇 體驗 已經 兩個 果斷 這款 閒置 拍的還 覺得 幾張 考慮 不錯 打廣告 回來 店裡 看見 下單 帥哥 給我點 差到 這台 拔草 意中 朋友 相片 哈哈哈 不要 用到 能用 天真 一台 形容 完美 早上 天天 半年 收到 下面 下午 一下 但是 自己 可以,相机功能少/弱
美颜 不错 播放歌曲 超快 双引擎 很快 速度 音质 快递 内存 顶用 电量 手感 充电 礼品 强大 手机 运行 功能 很多,相机功能少/弱
壁纸 照片 更新 系统 情况 什么,照片丢失
拍照 模糊 更新 系统 刚刚 这么 怎么,拍照模糊/不清晰
版本 声音 相机 错觉 清晰 最新 是不是 感觉 以前 还有 知道 就是,拍照模糊/不清晰
消失 图片 保存 有的是 清理 照片 一段时间 手机 微信里 相册 内存 模块 求解 怎么回事 好多 某个 珍贵 每次 自动 没有 比如 整体 全部 这是 其他 一个,照片丢失
相册 备份 丢失 好多 不能,照片丢失
没法 对焦 相册 相机 光线 模糊 一段时间 清楚 原因 建立 怎么 还有 现在 开始 不是,拍照模糊/不清晰
照片,照片丢失
相册 手机 照片 死机 删好 删不掉 开机 关机 您好 答复 尽快 返回 几次 是不是 质量 不好 重新 为什么 几个 你们 而且 时候 不能 就是 什么 一个,照片丢失
微信 拍照 视频 里面 没有,照片丢失
看不到 照片,照片丢失
拍照 清晰,拍照模糊/不清晰
拍照 近距离 模糊,拍照模糊/不清晰
相机 清楚,拍照模糊/不清晰
摸糊 拍照 不清,拍照模糊/不清晰
拍照 美颜 虚化 瘦脸 滤镜 后置 前置 背景 功能 希望 选择 不能 没有,相机功能少/弱
拍照 优化 清楚,拍照模糊/不清晰
系统升级 照片 怎么办 不见,照片丢失
照相 模糊,拍照模糊/不清晰
相片 无故 消失,照片丢失
照片 为什么 没有,照片丢失
全没 照片,照片丢失
防抖 像素 太低 模糊 功能 没有,相机功能少/弱
照片 不见 手机 里面,照片丢失
相册 视频 照片 里面 不到,照片丢失
好暗 像素 拍照 模糊 清晰,拍照模糊/不清晰
相片 清晰,拍照模糊/不清晰
照片 保存 突然 很多,照片丢失
右下角 拍照 相机 照片 应当 那样 看见 直接 显示 时间 不能,相机功能少/弱
相册 照片 下载 百张 邮箱 过期 及时发现 邮件 太久 间隔 删除 没有 两次 几天 第一次 重新 之前 一次 但是 情况 这些 出现 这个 自己 已经,照片丢失
拍照 看不清楚,拍照模糊/不清晰
拍照 模糊 求有 解决 摄像头 求助 大神 链接 金色 复制 经验,拍照模糊/不清晰
华为 高配 质量 一买 年月日 摄像头 模糊不清 很差 拍照 申诉 十月 手机 是不是 大家 这样,拍照模糊/不清晰
图库 照片 更新 这次 为什么 系统 申诉 没有 知道 自己,照片丢失
微信 清理 内存 照片 保存 手机 我耀 有次 相册 找回 怎么回事 请问 讨论 消失 不见 发现 这是 可能,照片丢失
模糊 下载 升级 相册 摄像头 上传 前置 附件 反馈 怎么回事 次数 保存 仍然 之后 还是 问题,拍照模糊/不清晰
对焦 摄像头 模糊不清 大神 求助 指教 拍照 链接 复制 模糊 问题 就是 什么 已经,拍照模糊/不清晰
差万比 还花 差多 相机 这款 苹果 模糊 后悔,拍照模糊/不清晰
摄像头 模糊 画质 摔裂 保修 华为 前置 拍照 屏幕 烦躁 外面 后面 建议 还有 这样,拍照模糊/不清晰
拍照 数码相机 最远 焦距 没得 模糊 清晰 根本 非常 发现 时候 问题,拍照模糊/不清晰
摄像 反馈 存储 选项 请示 功能 选择 问题 这个 没有,相机功能少/弱
不灵敏 触点 耗电 拍照 屏幕 慎重 反馈 模糊 别说 提醒 问题 没有,拍照模糊/不清晰
按键 返修率 失灵 镜头 维修 第二次 第次 拆机 第一次 声音 一年 指纹 多台 一下 没完 拍照 申诉 那么 话筒 荣耀 喇叭 第四次 现在 模糊 第三次 主板 没有 手机 是因为 真是 人员 不到 还要 之前 完全 而且 还是 问题,拍照模糊/不清晰
摄像头 后置 硬件 同款 抢个 畅玩 结果 闹腾 拍照 申诉 无语 荣耀 相机 客服 模糊 三天 对比 满意 拿出 手机 一下 一点 这么 问题 没有 一个,拍照模糊/不清晰
摄像头 更换 下载 对焦 机子 模糊不清 上传 附件 屏幕 召回 链接 复制 次数 苹果 正好 能否 彻底 讨论 昨天 而是 但是 知道 现在 不是 已经,拍照模糊/不清晰
镜面 外壳 磨损 维修 雾蒙蒙 摄像头 拍照 客户 手机带 展示台 何堪 修理费 怎能说 找人来 内花 逆光 质量 渝中区 昧着良心 维修费 一家 印迹 造成 华为 试问 售后 亲情 你们 出厂 能动 申诉 强光 产品 荣耀 责任感 不会 呵呵 发誓 吃饱 老是 企业 看清楚 故障 怎能 还是 问题 比起 你家 所有人 鉴定 丝毫 对手 不高 权益 干净 放弃 重庆 承担 月底 手机 这件 责任 检查 敌人 身边 到底 最近 里面 保护 一天 服务 程度 而是 看见 任何 带来 原因 需要 包括 但是 因为 这种 这个 可以 没有,拍照模糊/不清晰
照相 莱卡 太假 不敢恭维 两千万 像素 申诉 苹果 模糊 不了 效果 问题 就是 可以,拍照模糊/不清晰
照片 卖人 跪求 帮帮我 睡醒 大神 如图 今天下午 求救 一个 没用 同步 干净 有没有 设置 打算 不见 那种 几天 设备 变成 看看 过来 恢复 办法 各种 对于 之后 两个 重要 还是 就是,照片丢失
找回 大神 解答 版本 照片 怎么,照片丢失
发黄 照片 清晰,拍照模糊/不清晰
对焦 荣耀 录像 清晰 很多,摄像模糊
挺糊 听歌 误操作 隔音 耳机 拍照 不太好 简陋 包装 口袋 效果 放在 其实 时候 就是,拍照模糊/不清晰
拍照 清晰 晚上 就是,夜拍拍摄效果差
夜拍,夜拍拍摄效果差
电池容量 做强 照虚 用天 防抖 国货 玩游戏 华为 不断创新 照相 电能 不带 结实 包装 光学 优点 不多 一大 充满 不错 避免 电话 质量 运行 功能 才能 希望 稳定 系统 一次 需要 一些 情况,相机功能少/弱
有磨皮 卡屏 感觉 照相 效果 清楚 有些 不是,拍照模糊/不清晰
耳机 苹果 看起来 比较 不防抖 扩展卡 清版 反应速度 之前 下来 摄像头 后置 音量 一点 很多 自带 轻薄 质感 拍照 先说 而且 廉价 视频 差点 缺点 优点 后悔 下载 可以 清晰 调节 手机 竟然 效果 几天 经常 质量 本来 不好 感觉 功能 整体 声音 希望 出来 一般 不能 这个 已经,拍照模糊/不清晰
内存 红米 关机 重启 卡机 没买 正在连接 魅族 实在 卡死 什么 够用 三分钟 五分钟 相机 幸好 一等 手动 真心 说好 好几个 还好 算了 要不是 有时候 清晰 连接 而已 差不多 自动 保存 平时 不行 否则 习惯 手机 打开 是不是 更是 三年 经常 至少 反应 运行 担心 就要 功能 重新 之前 突然 结果 觉得 那个 一直 一样 怎么 不会 而且 只是 只有 这个,拍照模糊/不清晰
老爸 小米 差评 配机 反正 很差 再也不会 手机 没法用 水货手机 毕竟 闪晃 没多 渣机 爆屏 微信 质量 不管 电视新闻 真的 右下角 晃来晃去 看看 差劲 玩游戏 溜出 退货 摄像 不爽 回来 省心 看后 结果 邮寄 算了吧 吐血 这么 电量 手感 高性能 屏幕 只是 聊天 视频 还是 不至于 折磨 电池 口袋 没法 尴尬 广告 打电话 三次 不说 在家 罢了 干什么 评价 而已 小心 半个 本人 两天 月底 大概 高兴 品牌 不用 绝对 回去 至少 相信 清楚 有点 一天 注意 并且 稳定 只要 今天 一点 完全 当时 怎么 之后 出来 时候 所以 重要 问题 这些 没有,拍照模糊/不清晰
像素 拍照 模糊 放大 一般,拍照模糊/不清晰
换货 特么 虚化 取货 客服 照相 老是 大爷 不来 自动 申请 几天 小时 清楚 一句 几个 一样,拍照模糊/不清晰
百分之四十 照出 太差 两三天 电池 模糊 相比 以前 还有 可以,拍照模糊/不清晰
美颜 回复 强大,美颜效果好
魅族 摄像头 模糊,拍照模糊/不清晰
显示 升级 通话记录 具体 来电 机型 通话 时间 收藏 日期 图片 设置 讨论 相同 另外 大家 需要 情况 没有,照片丢失
音乐文件 图片 删过 清空 文件夹 全部 全都 音乐 为何 消失 不见 手机 内容 突然,照片丢失
美颜 相册 相机 照片 魅族 为什么 显示 出来 手机 不到 之前 现在 没有,照片丢失
图片 缓存 点开 小米 好友 收到 手机 文件 最新 里面 不到 直接 管理 存在 但是 还是,照片丢失
不好 系统 要么 尺寸 单手操作 清掉 但是 用惯 输入法 系统配置 总特 装逼 逼格 自启 魅族 现在 机子 坐地铁 经常 拨号 什么 计算器 华为 自带 买回来 跟不上 小米 换个 失灵 无视 用到 屏幕 后台 多功能 硬件 运气 重启 第三方 商店 问题 青春 体验 软件 照片 智能 水果 据说 用户 反正 更新 就算 差不多 没有 打算 手机 后面 最新 竟然 质量 应用 感觉 有点 功能 范围 考虑 原来 突然 结果 的话 觉得 那些 基本 数据 东西 左右 为了 不会 时候 因为 知道 这种 一个,照片丢失
拍照 光学 防抖求 我妈用 防抖 推荐 夜景 我妈 解析 拿来 演出 讨论 手机 晚上 经常 之前 特别 左右 但是 因为 主要 没有,相机功能少/弱
防抖 照片 虽好 最好 高通 杂音 这组 够用 华为 处理器 算法 客服 镜头 没用 流畅 在线 遗憾 难过 光学 日常 个别 不够 实力 没有 不错 发挥 是不是 电子 有点 服务 真正 支持 原因 而且 只有 虽然 但是 时间 还是 知道 不是 就是 可以,相机功能少/弱
手机 功能 华为 拍照 千元 高性能 慎重 真心 各位 冲动 一部 不行 不如 所谓 感觉 希望 除了 不要 一次 最后 一般 其他 但是 这样 这个 可以,相机功能少/弱
像素 价格 高点 定价 出来 差不多 无爱 能大卖 某米 防抖 行且 廉价版 耍流氓 高不成低不就 血拼 愧对 其实 屠夫 分辨率 珍惜 好歹 要用 如果 厂商 多大 光学 体验 尴尬 称号 差距 半年 期待 没有 手机 品牌 配置 经常 听到 为什么 之前 除了 选择 原来 今天 结果 那些 时候 还是 起来 现在 开始,相机功能少/弱
防抖 无敌 拍照 还原 放到 不然 经典 可惜 色彩 准确 手机 依然 尤其 现在 就是 没有,相机功能少/弱
遥控 大陆行 拍照 美版 抓拍 功能 挑出 太好 求助 闭眼 链接 几张 镜头 时候 跳跃 复制 照片 就算 竟然 觉得 不能 现在 这个 什么 可以,相机功能少/弱
麻点 大神 通话 解答 视频 画面 清楚 为什么 时候,摄像模糊
马赛克 像素 摄像 摄像头 视频 有点 出来 还有,摄像模糊
手机 买家 苹果 收到 手提袋 颜值 秀是 安卓机 拍微信 就是 赠品 超高 没有 续航力 标配 流畅 视频 照片 清晰 红色 差不多 那种 别的 昨天 功能 很多 一样 一般 这个,摄像模糊
视频 摄像头 老人 手机 太棒了 孩子 看人 前置 好久 三星 特意 模糊 送给 这个 清晰 满意 评价 想象 收到 简直 网上 观察 第一次 看着 无法 以前 用于 如此 东西 这么 为了 时候 主要,摄像模糊
拍个 微信 摄像头 后置 一般 机身 视频 垃圾 说实话 电池 广告 清晰 收到 其它 宣传 强大 唯一 怎样 这么 就是 可以,摄像模糊
视频 先前 传入 为什么 空间,摄像模糊
微信 拍照 画面 视屏 自带 求助 录制 链接 视频 复制 版本 模糊 清晰 更新 程序 要是 或者 选择 关于 大家 直接 几个 现在 这样 自己,摄像模糊
好评 媳妇 系统优化 自动 美颜 不错 手机 本命年 够用 音质 比较 买个 拍照 大红 做工 聚焦 吉利 精致 一款 性能 绝对 晚上 要求 对于 方面 还是 不是 主要,美颜效果好
手机 美颜 美的 手用 解锁 好用 亲妈 指纹 快递 非常 拍照 相机 顺畅 拆开 好评 同事 星期 好看 拿到 老婆 喜欢 认识 真的 看到 两个 这个 自己,美颜效果好
手机 美颜 不卡 具体 拍照 良心 店里 视频 国产 看过 评价 不错 对象 电话 以前 很多 提出 这么 使用,美颜效果好
手机 一百分 美颜 超薄 满分 快递 哈哈哈 手感 拍照 相机 款式 那一刻 我怕 一分 骄傲 不用说 惊喜 发热 多久 拿到 大哥 送到 关键 效果 喜欢 感觉 一天 第一 自然 的话 不会 时间 还有 如果 就是,美颜效果好
索尼 相机 不行 噪点 像素 算法 苹果 太多 效果 多年 即使 很多 这么 知道,夜拍拍摄效果差
手机 拍照 两款 不过 安卓 刚买 手游 小伙伴 功能 爱不释手 一意孤行 之后 比不上 到手 不爱 苹果 失望 音乐 一段时间 前面 效果 而言 确实 运行 真的 别人 速度 正常 有所 现象 第一 选择 下降 不要 觉得 当时 以来 一直 对于 这是 但是 还是 问题 没有 一个,相机功能少/弱
一般般 手机 手机信号 拍照 显示 淘宝 苹果 广告 信号 区别 别的 不好 大小 功能 声音 消息 基本 发现 还有 不能 问题 目前 没有,相机功能少/弱
惨白 色彩 不如 偏红 多钱 真太 一千五 坑人 做广告 主打 不值 性价比 千元 艳丽 屏幕 照相 真心 太过 店里 面部 牌子 还原 画面 品质 这个 手上 差不多 真实 手机 几天 第一次 不好 提升 功能 整体 首先 一次 最后 那么 产品 出来 就是,相机功能少/弱
客服 厂家 失望 闪退 桃宝 问题 态度 系统升级 新机 照相 要不然 灵敏 太高 稍稍 耐心 期望 为止 这个 升级 不错 手机 至于 值得 确实 有点 功能 一句 解决 接受 希望 系统 不要 应该 价格 发现 不过 所以 因为 现在 出现 可能,相机功能少/弱
点错 自提点 拿家 音质 很近 照相 玫瑰 就是 满意 小心 颜色 总体 晚上 本来 功能 来说 一下 一般 所以 还是 公司,相机功能少/弱
自拍照 服务态度 手感 拍照 卖家 满满的 礼品 诚意 机身 哈哈 好看 失望 强大 果然 喜欢 感觉 功能 看看 之前 没有,相机功能少/弱
大厂 柔光 自拍 手机 看个 感觉 真的 玩游戏 以前 烫手 处理器 真真 王者 荣耀 垃圾 宝宝 清晰 不好 别人 经过 就是 自己,拍照模糊/不清晰
拍照 设置 相机 清晰 对焦 补光 画质 刚买 普通 闪光灯 啥意思 高清 重启 切换 不太 自动 模式 感觉 好像 成功 另外 一下 那个 你们 怎么 而且 不是 已经 没有,拍照模糊/不清晰
永久 满意 收到 网速 手机 有点烦 查有 去查 挺快 很快 正品 赠品 拆封 够用 摄像头 高清 内存 台灯 桌面 铃声 先说 好看 物流 想象 返回 开封 上调 习惯 没有 网上 暂时 不了 媒体 晚上 喜欢 运行 担心 大小 速度 操作 只能 或者 那么 不会 不过 问题 开始 不是 就是 已经,拍照模糊/不清晰
手机 安卓 挺高 太虚 摄像头 大同小异 拍照 漂亮 参数 清晰 适合 各个 喜欢 其他 没有,拍照模糊/不清晰
接头 打游戏 数据线 店家 一会 评价 其他 美颜 手机 金立 多送 普通 照出来 接听电话 希望 摄像头 网页 充电 浏览 英寸 屏幕 一些 这点 参考 清晰 尽量 电影 改进 好好 一段时间 图片 方便 效果 每个 很快 速度 声音 稳定 一下 大家 比较 一样 以后 时候 但是 两个 这样 可以 已经 没有,拍照模糊/不清晰
一般般 闪退 双摄 总得来说 像素 东东 后置 前置 外观 包装 好多 高大 夜间 漂亮 两天 不错 不得不 效果 确实 现象 很多 出现,夜拍拍摄效果差
噪点 拍照 手机 晚上 你们,夜拍拍摄效果差
拍照 解锁 指纹 内存 外观 非常 最新版 电话卡 不错 音效 安卓 超快 更大且 双卡 最坑 装卡 噪点 给力 美的 听歌 屏幕显示 像素 客户端 玩游戏 支持 后置 不要 比较 中关村 前置 充电 耐用 一如既往 不愧 成像 灵敏 流畅 在线 细腻 拍摄 国产 缺点 遗憾 完美 优点 体验 型号 照片 夜间 电视 可以 清晰 很小 优秀 总结 方便 手机 其次 效果 几天 不管 反应 喜欢 运行 真的 肯定 速度 个人 以前 首先 压力 的话 觉得 地方 而且 只是 只有 其他 两个 不能 还是 起来 就是 没有 一个,夜拍拍摄效果差
照相 爽歪歪 曲屏 发成 硅胶套 货后 侧屏 直屏 效果 确实 感觉 功能 歌舞伎 夜视仪 华为 手感 拍照 是夜 爽快 肉眼 客服 流畅 场景 一流 特意 苹果 失望 三天 清晰 评价 期待 收到 简直 答应 态度 马上 多种 听说 联系 有点 过来 尤其 超过 就是 一个,夜拍拍摄效果差
钢化 买手机 官网 是不是 取景 老妈 假货 大神 专卖店 亮度 礼品 小白 一个 三星 知道 版本 清晰 不够 朋友 第一次 喜欢 里面 多少 今天 还有 起来 就是 这个 什么,拍照模糊/不清晰
摄像头 拍照 一米 求解 模糊,拍照模糊/不清晰
夜景 拍照 对比 手机 磨皮 安卓 机都 解锁 不单单是 不怎么样 做得好 大家 单单 美容 好歹 现在 拍摄 苹果 后悔 失望 参考 白天 取决于 哪个 不如 体现 最好 有点 功能 看看 环境 除了 选择 今天 结果 能力 非常 一点 可是 价格 所以 还是 可以 一个,夜拍拍摄效果差
配置 照相 恶心 后悔 清晰 清楚 为什么 明明 低点 不如 还要,拍照模糊/不清晰
自拍 清晰 很淡 相片 惨白 一直 客服 这样 请问 回复 一个月 事实 为什么 一样,拍照模糊/不清晰
跪求 自带 相机 解答 视频 模糊 为什么,摄像模糊
拍照 车牌号码 效果 摄像 摄像头 一台 细节 看起来 手机 米外 怎样 最近 清楚 电话号码 郁闷 三星 看清 楼上 影子 广告 照片 放大 文字 以外 感觉 一下 比较 可以,拍照模糊/不清晰
拍照 车牌号码 效果 摄像 摄像头 一台 细节 看起来 手机 米外 怎样 最近 清楚 电话号码 郁闷 三星 看清 楼上 影子 广告 照片 放大 文字 以外 感觉 一下 比较 可以,摄像模糊
配置 照相 明明 清晰 快恶 清楚 恶心 低点 后悔 为什么,拍照模糊/不清晰
拍照 摄像 车牌号码 细节 手机 一台 看起来 米外 效果 最近 清楚 感觉 电话号码 郁闷 三星 看清 楼上 影子 广告 照片 放大 文字 以外 不但 一下 比较 可以,拍照模糊/不清晰
拍照 摄像 车牌号码 细节 手机 一台 看起来 米外 效果 最近 清楚 感觉 电话号码 郁闷 三星 看清 楼上 影子 广告 照片 放大 文字 以外 不但 一下 比较 可以,摄像模糊
自拍 美颜 打开 不卡顿 贴膜 像素 快递 自带 毛孔 使用 相机 艳丽 实惠 三星 流畅 立马 超级 软件 下载 物流 已经 收到 第二天 颜色 年度 手机 总体 效果 很快 清楚 首先 来说 觉得 东西 最后 得到 开始 经济 一个,美颜效果好
棒棒 自拍 美颜 喜欢 解锁 很棒 指纹 拍照 充电 男生 外观 漂亮 适合 黑色 手机 很快 真的 速度 终于 比较 一直,美颜效果好
信号 网速 费电 美颜 能满 官网 塑料膜 正品 拆封 快递 待机 自带 充电 相机 封住 挨着 十天 验证 超级 电池 包装 全新 收到 外面 网络 手机 暂时 效果 反应 小时 不好 感觉 按照 方法 很多 觉得 特别 左右 还有 这些 可能,美颜效果好
美颜 妹子 外观 手机 配置 可以,美颜效果好
非常 美颜 音效 照相 音响 流畅 漂亮 机器 运行 功能 尤其 还有,美颜效果好
美颜 惊艳 非常 很漂亮 拍照 拆开 迫不及待 购物 外观 礼物 实用 愉快 包装 收到 手机 运行 速度 很多 一次 重要 还是,美颜效果好
变焦 拍照 美颜 噪点 效果 不愧 出众 拍摄 出色 改进 手机 正常 希望 情况 就是,美颜效果好
照出来 相机 照相 模糊 有点 为什么 知道 就是 可以,拍照模糊/不清晰
挺不错 买个 照相 过年 问题 国产 宝贝 老婆 不错 晚上 喜欢 支持 那么 其他 知道 就是,夜拍拍摄效果差
美颜 来句 木有 暂木有 过段时间 挺快 新机 国货 蓝牙 美美 京东 耳机 拍照 薄薄的 赠送 暖暖的 机身 响亮 很久 口号 追加 物流 期待 女性 适合 红色 不错 值得 效果 速度 其实 支持 只是 中国 一个,美颜效果好
美颜 好用 自带 照相 超级 苹果 大气 对比 评价 一段时间 不得不 喜欢 之前 很大 而且 还是,美颜效果好
美颜 人来 国产手机 功能 好用 超值 拍照 老公 良心 价位 礼物 黑色 强大 身边 感觉 推荐 特别 现在 这个 自己,美颜效果好
流畅 美图 美颜 手机 磨砂 心水 卡顿 上档次 自带 拍照 触摸 不得了 一款 苹果 游戏 下载 高端 大气 不错 再说 不用 几天 更是 运行 感觉 真的 功能 一样 出现,美颜效果好
不错 功能 果粉 美颜 手机 真给力 内存卡 太棒 买伤 伙子 国产机 小哥 音箱 快递 忐忑 挑剔 拍照 人性化 一直 礼貌 多用 苹果 感谢 满意 没想到 强大 果然 效果 朋友 第一次 真的 之前 来说 非常 很多 比较 这么 有些 对于 没有,美颜效果好
新年礼物 很赞 太赞 喜欢 美艳 自带 轻薄 手感 拍照 不得了 机体 失望 清晰 色彩 方便 效果 实在 肯定 操作 因为 自己 没有,美颜效果好
美颜 太吊 一段时间 感觉,美颜效果好
美颜 老妈 相机 音响 实用 效果,美颜效果好
美颜 不错 强较 效果 比较 可以,美颜效果好
太昏 拍照 视频 不好 可以,摄像模糊
服务态度 摄像头 店家 清晰 购买 第一次 联系 那么 没有,拍照模糊/不清晰
美颜 不错 美观 效果 使用,美颜效果好
手机 没得说 美颜 贴膜 像素 蓝牙 音质 内存 非常 很漂亮 贴心 轻薄 拍照 不愧 音响 买来 机身 流畅 购物 外形 容量 满意 评价 合适 半个 不错 不用 效果 运行 担心 大小 首先 很大 完全 一次 问题 这个 已经,美颜效果好
苹果 拍照 系统 满意 美颜 不错 不卡 防抖 卡顿 效果 好用 活物 华为 后置 一点 自带 主打 买回来 特别 手感 人性化 机身 热爱 看中 一点点 国产 稍微 偶尔 干净 表情 红色 两天 差不多 真实 颜色 更好 再说 几天 一眼 喜欢 不好 总是 感觉 越来越 简单 这次 容易 以前 接受 非常 比较 甚至 有些 一直 出来 其他 方面 不过 作为 但是 不是 这个 可以,美颜效果好
苹果 拍照 系统 满意 美颜 不错 不卡 防抖 卡顿 效果 好用 活物 华为 后置 一点 自带 主打 买回来 特别 手感 人性化 机身 热爱 看中 一点点 国产 稍微 偶尔 干净 表情 红色 两天 差不多 真实 颜色 更好 再说 几天 一眼 喜欢 不好 总是 感觉 越来越 简单 这次 容易 以前 接受 非常 比较 甚至 有些 一直 出来 其他 方面 不过 作为 但是 不是 这个 可以,相机功能少/弱
很棒 音质 照相 功能 那样,相机功能少/弱
音响 超爽 美颜 拍照片 音效 大看 来评 大爱 解锁 蓝牙 指纹 店家 耐用 相机 屏幕 玫瑰 感应 灵敏 视频 外观 好看 电池 忘记 强大 不错 效果,美颜效果好
自拍 裸机 美颜 不错 超快 拍人 连网 效果 寿命长 后置 很漂亮 前置 拍照 充电 能用 一个多 半小时 还好 星期 风景 总之 满意 收到 黑色 差不多 手机 下午 第一次 感觉 希望 今天 东西 特别 而且 这个,美颜效果好
照相 不太 一会 不错 清楚 感觉 觉得 就是,拍照模糊/不清晰
暗点 指纹识别 不错 续航 电量 拍照 充电 周日 光线 电池 模糊 体验 周三 白天 夜间 一周 效果 下午 速度 功能 能力 其他 还有 可以,夜拍拍摄效果差
棒棒 美颜 到货 很漂亮 满满的 太快 照相 惊喜 礼物 物流 清晰 太多 手机 打开 小时 并且 特别,美颜效果好
手机 美颜 相机 用到 满意 双摄 现在 白条 很棒 够用 内存 非常 京东 自带 还清 拍照 其他 两张 首付 不怎么 开心 优点 最有 照片 总之 已经 可惜 方便 下面 剩下 效果 喜欢 功能 特点 只能 选择 来说 特别 这么 只是 时候 虽然 不过 开始 没有 一个,美颜效果好
柔光 自拍 美颜 兔验机 安兔 很棒 正品 自带 前置 拍照 照亮 流畅 清晰 手机 功能 使用,美颜效果好
自拍 摄像头 效果 不论是 清晰 光灯 美颜 蛮大 巴适 虚化 耐看 非常适合 音量 刺眼 手感 拍照 直播 还是 体验 惊讶 日常 漂亮 小声 收到 大声 令人 不错 手机 前后 成长 朋友 感觉 很大 非常 很多 使用 不是 什么,美颜效果好
自拍 摄像头 效果 不论是 清晰 光灯 美颜 蛮大 巴适 虚化 耐看 非常适合 音量 刺眼 手感 拍照 直播 还是 体验 惊讶 日常 漂亮 小声 收到 大声 令人 不错 手机 前后 成长 朋友 感觉 很大 非常 很多 使用 不是 什么,美颜效果好
抓拍 步步高 大点 第二点 消耗掉 耗电量 电量 拍照 耐用 亲身 两部 精彩 一刻 两点 稍微 这部 苹果 完美 模糊 体验 可以 改进 一部 动作 上午 手机 不好 这次 一天 第一 那么 一直 需要 一般 不能 没有 一个,拍照模糊/不清晰
硬件 功能 流畅性 自拍 强大 新年礼物 美颜 万双 虚化 微信 摄像 老一辈 系统 非常 并不多 后台 看中 流畅 开心 外观 普及 很久 舒服 加之 懂得 女性 手机 有着 高兴 支撑 喜欢 尤其 对于 但是 以及 可能,美颜效果好
美颜 拍照 喜欢 功能,美颜效果好
没得说 拍照片 清晰度 不太好 运行 速度 其他 就是,拍照模糊/不清晰
一屏 美颜 指纹 即刻 多用 密码 苹果 这点 可以 手机 效果 功能 使用 还有 重要,美颜效果好
美颜 拍照 收到 不错 手机 效果,美颜效果好
功能 美颜 分屏 靓丽 拍照 屏幕 聊天 视频 色彩 强大 手机 效果 喜欢 尤其 很多 可以,美颜效果好
应用 拍照 性价比 流畅 白天 一段时间 不错 效果 晚上 功能 系统,夜拍拍摄效果差
指纹识别 魅族 高清 必会 小米 相机 牌子 后悔 彻底 不行 几天 最好 不要 各种 这个,拍照模糊/不清晰
耐用 自拍 美颜 登山包 手机 反应速度快 大爱 赞赞赞 超薄 爱不释手 好用 派上用场 到货 礼品 客服 过年 星期 超级 电池 物流 漂亮 清晰 第二天 颜色 强大 回家 态度 喜欢 功能 之前 特别 重要,美颜效果好
送货 苹果 送到 美颜 手机 夜拍 效果 夹紧 像素 稳定度 好用 自取 失真 快递 京东 前台 拍照 抖动 下楼 家门口 反感 手臂 拍摄 变形 不是 模糊 略有 照片 手上 清晰 差距 过度 每次 客户 别的 意见 经常 功能 同样 不到 并且 环境 或者 稳定 非常 完全 方式 一次 明显 但是 一些 还有 情况 不能 公司 没有,拍照模糊/不清晰
手机 两张 失望 清晰 外置 颗粒感 我照 真的 像素 心寒 发货 失真 摄像头 糊弄 第四个 忠诚 价位 这点 色彩 不行 不如 有点 下去 看看 严重 今天 非常 一下 这么 这是 这样 这个,拍照模糊/不清晰
美颜 前置 充电 相机 十天 流畅 差不多 不错 喜欢 很快 系统 觉得 可以,美颜效果好
美颜 很漂亮 照相 评价 一段时间 不错 喜欢 功能,美颜效果好
挺不错 相机 美颜 手机 挺快 喜欢 摄像头 内存 拍照 牌子 没人 满意 反正 颜色 不错 第一次 速度 特别 那个 而且 就是 这个 可以 主要,美颜效果好
好评 柔光 美颜 双射 赠品 自带 效果 第一次 感觉 推荐 原来 很多,美颜效果好
美颜 实体店 女星 非常适合 爱美 划算 粉红色 相机 个个 好多 下载 过后 评价 手机 不用 推荐 东西,美颜效果好
美颜 虚化 解锁 比较清楚 音质 指纹 摄像头 后置 前置 耐用 流畅 还好 电池 将近 满意 方便 不错 效果 质量 感觉 操作 整体 希望 不要 比较 问题 出现 可以,美颜效果好
垃圾 上传 照相 视频 模糊 打死 照片 刚买 以后,拍照模糊/不清晰
苹果 不错 这款机 手抖 安卓机 想换 锁屏 会糊 充电器 开机 原装 按键 拍照 充电 落差 微弱 缺点 寿命 电池 这点 太大 评价 四年 总体 降低 感觉 一阵 速度 整体 只能 迅速 考虑 来看 使用 其他 没有,拍照模糊/不清晰
像素 后置 前置 不错 闪退 卡机 很薄用 解锁 第二张 指纹 摄像头 高清 第一张 机身 流畅 一般来说 精致 惊喜 外观 超级 这点 照片 想象 不够 几天 一只 现象 来说 那么 怎么 虽然 但是 现在,拍照模糊/不清晰
微粒子 要调 微信 新手机 客服 照相 模糊 软件 下载 不想 是不是 联系 希望 很多 因为 知道,拍照模糊/不清晰
拍照 分辨率 照片 红色 起来 完胜 失真 调换 发红 屏幕 买来 玫瑰 灰色 模糊 失望 对比 大会 本来 喜欢 真的 有点 之前 结果 然后 比较 时候 不过 还是 就是 没有,拍照模糊/不清晰
拍照片 给力 触屏 像素 音质 处理器 中关村 相机 屏幕 在线 缺点 电池 优点 清晰 信号 性能 一般,拍照模糊/不清晰
优点 美颜 微信 听筒 杂音 音质 拍照 充电 耐用 贴近 语音 功效 缺点 电池 打电话 满意 耳朵 音乐 不错 效果 不到 几乎 基本 比较 最大 而且 时候 时间 可能 就是,美颜效果好
柔光 自拍 美颜 别错过 美拍 十级 路过 犹豫 走过 千万 一级 手机 的话 不要,美颜效果好
旗舰 端机 识别率 换机 普通纸 偏弱 微距 成相 魅族 条形码 无愧 二维码 认不出 小米 用过 三点 做工 存储 外观 星期 识别 遗憾 苹果 感受 或是 无论是 不错 配置 经常 质量 确实 不足 这次 尤其 另外 能力 水平 价格 还是 不是 一个,相机功能少/弱
机子 功能 残党 某果 我开 小欧 玩游戏 摄像 相片 系统 非常 自带 卖点 拍照 后背 机身 第三方 快要 发热 点评 亲切 这点 软件 发掘 定位 厉害 满意 老婆 安装 方便 反而 暂时 确实 运行 有点 即使 一天 才能 以前 为什么 几乎 必须 实现 而且 发现 继续 不过,相机功能少/弱
抓拍 步步高 大点 第二点 消耗掉 耗电量 电量 拍照 耐用 亲身 两部 精彩 一刻 两点 稍微 这部 苹果 完美 模糊 体验 可以 改进 一部 动作 上午 手机 不好 这次 一天 第一 那么 一直 需要 一般 不能 没有 一个,相机功能少/弱
充电器 返回 主键 手机 充电 很慢 照相 其他 专用 配套 没有 暂时 功能 必须 特别 发现,相机功能少/弱
超爽 一充 钟能 缓存 赠品 摄像头 内存 续航 拍照 充电 通话 录像 时候 多多 还有 实用 清理 苹果 好多 软件 清晰 时刻 差不多 再也 不错 充分 打开 效果 小时 很快 真的 相比 速度 一天 能力 不要 那么 但是 不能 知道 就是 可以 没有,摄像模糊
像素 苹果 本人 老悔 度不输 看不清楚 真心 流畅 冲着 视频 画面 偏偏 水分 解放 太大 强大 手机 感觉 根本 功能 终于 尤其 之前 觉得 时候 重要 他们,摄像模糊
重启 无线网 七八次 虚化 触控 行用 双摄 摄像 后置 不灵 前置 太好了 屏幕 一个多 只想 亮点 模糊 广告 失望 连接 手机 不了 有时 难以 真的 严重 接受 之后 只是 需要 两个 这个,摄像模糊
指纹锁 评论 自拍 美颜 颜值 夜拍 大爱 效果 自带 手感 先说 惊呆 金色 高大 敏感 收到 手机 打开 绝对 几天 样子 自然 非常 起来 不是,美颜效果好
功能 清晰 棒棒 美颜 手机 双摄 有身 自带 前置 拍照 震撼 有待 惊喜 好看 发掘 音乐 颜色 现场 慢慢 效果 喜欢 运行 非常 很多 不断 特别,美颜效果好
功能 清晰 棒棒 美颜 手机 给力 双摄 有身 不厌其烦 耐性 自带 前置 拍照 解答 震撼 有待 商家 惊喜 好看 疑惑 发掘 音乐 颜色 现场 慢慢 客户 效果 态度 喜欢 运行 非常 很多 不断 特别,美颜效果好
美颜 自拍 总说 拍照 甘心 细致 设置 手机 最好 告诉 怎么,美颜效果好
真心 电池 非常 自拍 美颜 手机 安卓 用天 我用 不卡 玩手 听歌 机子 毫安 解锁 超薄 真的 客户端 速度 爱不释手 想像中 摄像 待机 很漂亮 续航 中关村 轻薄 充电 屏幕 稀有 成像 照相 机身 视频 在线 国产 缺点 外形 优点 难得 手指 可以 清晰 厉害 总结 颜色 充满 性能 不错 效果 上面 购买 喜欢 运行 很快 推荐 正常 一天 支持 自然 系统 大家 一直 价格 而且 一般 不过 这样 不是 就是 这个,美颜效果好
不错 自拍 美颜 蓝牙 自然 那个 手感 充电 美化 音响 变形 总之 也好 收到 一段时间 早就 手机 小时 真是 感觉 真的 功能 首先 没有 一个,美颜效果好
指纹 美颜 很正 解锁 像素 小伙伴 功能 兼修 美美 神速 拍照 分辨率 屏幕 双眼 外观 内外 红色 方便 支付 喜欢 很大 自然 非常 提高,美颜效果好
美颜 像素 满意 喜欢 自然 非常,美颜效果好
手机 相素 指纹识别 原图 美颜 很赞 补光 机子 物有所值 附图 大可 赠品 真心话 原装 摄像头 过硬 前置 卖家 不亚于 受用 真心 参考 物流 漂亮 可以 清晰 本人 放心 态度 自身 质量 运行 很快 本身 速度 来说 自然 大家 很多 为了 而且 对于 只是 方面 重要 这个,美颜效果好
手机 美颜 包装盒 很漂亮 拆开 到手 惊喜 包裹 很久 高大 物流 漂亮 期待 第二天 运行 很快 终于 非常 重要 还是,美颜效果好
美颜 好用 拍出 相片 一切正常 试用 顺手 好看 不错 手机 几天 喜欢 非常,美颜效果好
手机 实用 边玩 识别率 美颜 内存卡 微商 双待 微信 运存 抢红包 双卡 闪充 边充 毫安 解锁 功能 分身 支持 指纹 内存 非常 店家 成功率 显示屏 毛孔 拍照 英寸 一大堆 机身 大方 只用 这款 礼物 特意 电池 高大 总之 清晰 扩展 评价 分钟 一下子 关键 脸上 感觉 简单 设计 一天 只能 首先 来说 对于 出来 不是 可以,美颜效果好
清晰 棒棒 美颜 抢红包 屏大 电用 很快 像素 速度 神器 不要 充电 通话 年会 屏幕 舒服 看起来 三天 厉害 强大 电话 至少 每天 小时 感觉 功能 眼睛 非常 比较 一次 超过 工作 不是,美颜效果好
美颜 手机 虚化 拍照 屏幕 细腻 舒服 重量 强大 背景 运行 清楚 大小 速度 还要 之前 非常 十分 一样 但是 还是,美颜效果好
微信 非常 美颜 没货 总的说 超薄 解锁 像素 洋气 服务态度 重音 分身 美美 指纹 耳机 套餐 拍照 卖家 标配 太快 机身 惊喜 外观 好看 物流 官方 可以 满意 红色 自动 方便 效果 朋友 很快 真的 推荐 特别 对于 两个 一个,美颜效果好
效果 光灯 自拍 美颜 不错 虚化 玩微信 用天 刺眼 拍照 比较稳定 不论是 同事 电池 惊讶 打电话 令人 遇到 喜欢 非常 比较 问题 不是 什么 可以,美颜效果好
买手机 光灯 自拍 美颜 虚化 效果 刺眼 不论是 苏宁 好多 惊讶 满意 第二次 令人 不错 手机 朋友 身边 非常 不是,美颜效果好
自拍 美颜 超多 虚化 顺丰 效果 优惠券 赠品 快递 第三天 购物 好看 惊讶 满意 令人 功能 非常 一次 就是,美颜效果好
自拍 满意 美颜 超多 虚化 顺丰 效果 优惠券 赠品 快递 第三天 购物 好看 惊讶 令人 功能 非常 一次 就是,美颜效果好
自拍 效果 摄像头 拍照 不论是 流畅性 清晰 光灯 美颜 蛮大 巴适 虚化 耐看 非常适合 音量 刺眼 手感 直播 还是 体验 惊讶 日常 漂亮 小声 收到 大声 令人 不错 手机 前后 成长 朋友 感觉 操作 很大 非常 很多 使用 不是 什么,美颜效果好
充电 效果 流畅性 光灯 自拍 美颜 信号强度 虚化 速度 正合适 操作 耗电 百分之 待机 续航 刺眼 火线 电量 王者 拍照 耐用 荣耀 穿越 不论是 流畅 好多 惊讶 好好 令人 不错 手机 晚上 朋友 身边 很快 一只 能力 非常 左右 还是 不是 可以,美颜效果好
不错 非常 拍照 不卡 电量 耐用 速度 缺点 照片 清晰 自拍 美颜 画质 安卓 运存 国产手机 像素 客户端 功能 玩游戏 支持 音质 摄像头 内存 一点 特别 中关村 手感 充电 看电视 我心 成像 真心 存储 功劳 在线 国产 实用 超级 上网 电池 优点 扩展 总结 两天 不如 喜欢 运行 清楚 整体 之前 系统 比较 而且 不过 一些 重要 问题 这个,美颜效果好
拍照 屏幕 不错 感觉 玩游戏 手机 机身 舒服 大气 满意 性能 美颜 超给力 画质 上档次 视觉效果 够用 非常 导入 主打 特别 散热 手感 质感 轻巧 分辨率 差一点 相机 时候 聚焦 看中 刚好 还好 缺点 好看 明亮 出色 时尚 优点 电脑 清晰 总结 色彩 算是 一部 金属 手里 运行 很快 清楚 大小 速度 设计 整个 此外 一点 基本 使用 而且 因为 起来 可能 这个,美颜效果好
方便快捷 音质 后置 拍照 实用 流畅性 清晰 指纹识别 闪充 颜值 不卡顿 美拍 效果 双引擎 像素 速度 操作 杂音 内存 特别 前置 充电 相机 美观 清新 流畅 启动 运行 整体 声音 很大 系统 没有,美颜效果好
美颜 超给力 真给力 隔天 摄像 快递 京东 前置 顺畅 不假 照亮 做工 开心 精致 礼物 送给 智能 老婆 手机 喜欢 真的 系统 一点,美颜效果好
手机 大屏 内存 不错 拍照 功能 自拍 充满 美颜 歌听 安卓 运存 电只 太逆天 玩能 真点 萌萌 杠杠 喜欢 感觉 客户端 玩游戏 挺大 摄像 摄像头 中关村 电量 充电 用过 成像 秒杀 摸索 做工 可得 在线 下手 一款 缺点 完美 优点 体验 照片 下载 清晰 厉害 扩展 评论 总结 无论 赶紧 暂时 绝对 效果 小时 样子 真是 速度 正常 一天 声音 之前 支持 只要 非常 很多 左右 还是 现在 这个 自己 一个,美颜效果好
拍照 安卓 不错 非常 清晰 电池容量 自拍 美颜 臭美 用安卓 闪充 听歌 画质 喜欢 解锁 客户端 国货 部手机 大屏幕 选错 摄像 音质 指纹 内存 系统 后置 禁锢 比较 特别 中关村 毛孔 性价比 充电 看得见 成像 灵敏 冲着 降价 果断 解开 在线 女孩子 缺点 实用 苹果 好多 优点 照片 测试 可以 厉害 天天 优秀 总结 再也 一下子 手机 品牌 不用 第一次 运行 很快 真的 速度 功能 整体 重点 希望 其实 支持 自然 不要 一下 觉得 应该 而且 发现 以后 所以 时间 因为 重要 还是 已经 没有 中国,美颜效果好
手机 像素 不错 中奖 感觉 非常 黑屏 美颜 运存 解锁 大屏幕 式子 抢得 音箱 耗电 内存 十点 拍照 用过 灵敏度 技能 缝隙 特意 优点 清晰 评论 上午 总体 效果 几天 不好 以下 几个 之后 知道,美颜效果好
美颜 有个 音箱 好评 客服 苹果 清晰 不错 手机 客户 效果 小时 很快 一样 一般 但是 还是 可能,美颜效果好
快递 手机 自拍 美颜 不错 快贵 相素 卡顿 顺丰 就是 内存 自带 主打 拍照 算法 流畅 哈哈 超级 完美 体验 清晰 没有 喜欢 运行 实际 非常 一下 然后 特别 一样 不过 如果 不是 可以,美颜效果好
不错 拍照 电池容量 美颜 颜值 中端 挺薄 骁龙 虚化 金挺 下单 音质 不大不小 很窄 后置 水平 处理器 觉得 耳机 手感 前置 充电 旗舰 屏幕 玫瑰 线条 这款 还好 亮点 实用 好看 前提 足够 年初 手机 再说 效果 速度 属于 只能 之前 东西 一直 其他,美颜效果好
不错 屏幕 时尚 待机时间 黑屏 指纹识别 美颜 手机 秒解 蛮长 亲民 触屏 确实 像素 说不上来 玩游戏 视觉效果 录入 够用 指纹 索尼 中关村 极致 拍照 分辨率 而且 虽然 大幅提高 不过 传感器 到手 大方 聚焦 内涵 流畅 视频 还有 在线 外观 拍摄 识别 缺点 电池 不太 出色 优点 不小 漂亮 清晰 大气 满意 总结 改进 性能 前后 效果 相当 速度 具体 这次 压力 系统 的话 直接 完全 特别 进入 价格 时候 还是 没有,美颜效果好
不错 截屏 内存 手机 运行 流畅 非常 下载 屏保 下拉菜单 棒棒 黑色 本机 自拍 美颜 双击 安卓 超赞 画质 听歌 亮屏 指下 熄屏 微信 多开 解锁 客户端 像素 功能 分身 效果显著 很大 指纹 摄像头 后置 要强 自带 至极 中关村 重量轻 粉丝 手感 拍照 试用 顺畅 成像 更深 用处 研究 忠实 机身 灵敏 一通 手电筒 在线 外观 缺点 好看 说明书 优点 软件 照片 满意 总结 学会 适合 电影 大致 一部 方便 打开 绝对 效果 合理 满足 等等 科技 感觉 真的 相当 状态 整体 更加 来说 很多 方式 基础 有些 部分 目前 这个 没有,美颜效果好
棒棒 自拍 美颜 下回 自带 拍照 充电 流畅 多余 好看 超级 软件 清晰 手机 相当 系统 没有,美颜效果好
棒棒 网速 美颜 像素 正合适 上档次 不大不小 玫瑰 流畅 开启 宝贝 高端 物流 清晰 大气 收到 手机 效果,美颜效果好
音质 拍照 充电 美颜 信号强度 冲满 乐能 效果 手机卡 消消 速度 很棒 续航 玩玩 王者 荣耀 喇叭 放过 还好 超级 一会 清晰 信号 习惯 下面 晚上 喜欢 很快 有点 一天 声音 很大 能力 时间 知道,美颜效果好
美颜 买用 功能 发货 照相 一级 第一次 速度 推荐,美颜效果好
美颜 像素 蓝牙 爱不释手 儿歌 五分钟 神器 充电 通话 试用 幸好 音响 满意 评价 做到 电影 半个 女儿 不用 专门 中间 每天 小时 脸上 担心 真的 一天 看见 非常 一次 各种,美颜效果好
前置 聚焦 贴图 拍个 跪谢 实体店 老妈 近些 大家 千元 模糊 清晰 回家 手机 距离 刚刚 真的 同样 希望 告诉 非常 而且 发现 一些 情况 还是 出现 这样 这个,拍照模糊/不清晰
用亮 清晰度 摄像头 手感 灯光 不错 一般 现在 没有,拍照模糊/不清晰
拍照 钢化 帮倒忙 左上 划痕 清晰度 此款 仔细检查 做好事 快递 凸出 显示屏 近距离 纯属 远景 两道 当着 电源 原本 用户 适合 工作人员 边缘 手机 清楚 功能 导致 一般 一定,拍照模糊/不清晰
手机 苹果 不卡 爽爽爽 来评 拍得 很漂亮 一点 几个 有空 手感 流畅 星期 好多 软件 游戏 下载 物流 也好 喜欢 运行 很快 清楚 服务 下来 东西 这么 不会 同时 问题 现在,拍照模糊/不清晰
高清 看不清楚 照相 模糊 失望 照片 放大 没有 那么,拍照模糊/不清晰
不错 贴完 大赞 挺不错 发货 音质 摄像头 特别 拍照 准时 客服 真心 拍摄 遗憾 居然 清晰 想要 手机 上面 唯一 几天 清楚 有点 只能 重新 按照 东西 使用 发现 其他 什么 主要 一个,拍照模糊/不清晰
相片 期望值 机上 客服 拍摄 出入 模糊 物流 可以 清晰 图片 手机 几天 购买 之前 另外 其他 但是 还是 自己,拍照模糊/不清晰
清晰 感觉 自拍 锐化 卡出 怪怪的 内存 天际 前置 王者 拍照 郁闷 不怎么 聚会 好多 自动 网络 一张 朋友 好像,拍照模糊/不清晰
发来 看不清 照片,拍照模糊/不清晰
进尘 摄像头 难拆 手机店 拆过 时蒙 有些 照相 各位 请问 有没有 后面 不能,拍照模糊/不清晰
买手机 自拍 猴急 一充 像素 快递 忐忑 三四天 电量 特地 一般来说 超级 上网 朦胧 物流 清晰 评价 期待 图片 心情 不错 手机 第一次 别人 一天 尤其 之前 的话 变化 当时 还是 知道,拍照模糊/不清晰
拍照 默认值 试过 摄像 擦拭 镜头 反馈 模糊 升级 一片 依然 功能 无法 恢复 使用 问题,拍照模糊/不清晰
非常 手机 没得说 美颜 手机电池 玩游戏 好用 强项 赠品 够用 拍照 充电 不用说 外观 女孩子 光线 明亮 苹果 上网 模糊 打电话 这个 清晰 带有 两天 方便 不错 绝对 效果 每天 不管 本来 很快 真的 功能 操作 一天 同样 来说 系统 很多 基本 不会 对于 出来 还是 这种 就是,拍照模糊/不清晰
远物 近物 后置 如图 乱七八糟 求解 拍摄 模糊 清晰 怎么办 设置 是不是 东西 什么,拍照模糊/不清晰
拍照 耐用 拍摄 电池 模糊 电视 厉害 不错 效果 运行 优势 速度 那样 基本 活动 那么 其他 不是,拍照模糊/不清晰
微信 拍照 模糊 怎么办 有点,拍照模糊/不清晰
对焦 微距 拍照 模糊 升级 自动 申诉 不能,拍照模糊/不清晰
摄像头 前置 求解 模糊 怎么办 帮助 两个,拍照模糊/不清晰
摄像头 听歌 后置 前置 耐用 其他 买家 还好 苹果 电池 模糊 不该 清晰 差不多 不行 不大 反应 感觉 声音 然后 特别 一样,拍照模糊/不清晰
对焦 变声 稍快 卡机 刚发 微信 打字 摄像头 企鹅 求助 按键 拖延 模糊 清晰 重复 两天 速度 办法 多少 并且 持续 一直 而且 发现 现在 一个,拍照模糊/不清晰
挺新用 刷过 机用 换过 摄像头 一切正常 翻新 性价比 耐用 屏幕 外观 缺点 电池 模糊 优点 没什么 总结 前面 不了 值得 购买 标准 使用 问题 起来,拍照模糊/不清晰
像素 相册 相机 模糊 怎么办 不好,拍照模糊/不清晰
防抖 像素 太低 模糊 功能 没有,拍照模糊/不清晰
快门 手抖 抓拍 拍照 假如 这点 模糊 照片 一会 手机 立即 反应 不好 为什么 而是 你们 所以 不能 问题 这样 就是,拍照模糊/不清晰
自拍 功能 照片 柔光 单反 我要 天猫 如风达 虚化 购买 喜欢 部手机 下单 果不其然 非常 一样 陶醉 买下 歌声 还有 哈哈 深深地 很久 感谢 模糊 体验 收到 音乐 两大 再也 平台 上午 一名 吸引 手机 打开 不用 效果 下午 背景 立即 之中 真是 担心 真的 速度 终于 真正 以前 一下 关注 出来 现在 成为 已经,拍照模糊/不清晰
微信 拍照 模糊 自带 相机 链接 聊天 复制 发送 无意 怎么回事 照片 就是 讨论 清楚 今天 发现 出来 问题,拍照模糊/不清晰
发票 购买 感觉 不怎么 知道 问题 下载 手机 换机 安卓机 越用 越卡 实体店 三百多 自选 后置 音量 原价 基本 这台 前置 不正 两千 噪音 机器人 查询 一点点 右边 地址 苹果 回复 可以 便宜 之类 清晰 有没有 两天 真实 传说 充满 网上 效果 相应 是不是 小时 很快 有点 速度 加上 回答 服务 那样 以前 为什么 希望 之前 不要 大家 你们 那么 使用 怎么 以后 影响 还是 现在 不是 这个 自己 主要 没有,拍照模糊/不清晰
发票 不怎么 下载 流畅性 手机 安卓机 越用 越卡 效果 知道 速度 实体店 三百多 音质 后置 音量 原价 续航 这台 前置 拍照 充电 两千 噪音 查询 地址 苹果 可以 便宜 之类 清晰 两天 真实 传说 充满 网上 是不是 小时 感觉 加上 操作 那样 以前 为什么 希望 能力 不要 大家 基本 你们 那么 以后 还是 问题 现在 不是 自己 主要 没有,拍照模糊/不清晰
近照 手机 音质 主打 质感 照相 这款 一款 有用 用途 清晰 可惜 适合 信号 符合 三年 喜欢 一直 不是,拍照模糊/不清晰
正品 手机 专柜 朋友 特意 他家 一屏 买手机 评价 方便 图片吧 美的 还是 是不是 挺快 截图 真的 像素 速度 很棒 好几百 清晰度 挺不错 退货 可以 是否 哈哈哈 非常 这么 两用 充电 配件 卖家 价格 一样 爽快 礼品 金色 一模一样 买来 淘宝 下次 店铺 试试 查询 索性 验证 齐全 耐心 超级 收藏 犹豫 拿到 便宜 清晰 想要 满意 反正 这类 怀疑 颜色 平时 总体 绝对 效果 几天 实在 第一次 推荐 功能 以前 或者 第一 其实 来说 看到 不同 需要 所以 时间 问题 开始 不是 这个,拍照模糊/不清晰
长焦 拍照 镜头 变焦 噪点 挡住 两倍 放大 磨砂 不后 景深 效果 普拉斯 像素 无损 买回来 摄像机 嫌弃 求助 界面 链接 故障 说好 复制 照样 手指 清晰 提示 怀疑 图片 打开 难道 香港 刚才 是否 任何 下降 突然 明显 一直 一样 而且 工作 进行 自己 没有,拍照模糊/不清晰
充电 清晰 两天 自动 手机 充了 暖手 解锁 正品 没电 耗电 指纹 摄像头 后置 经常出现 特别 前置 比不上 灵敏 发热 实用 特意 响应 包装 软件 评论 充满 退出 感觉 有点 以前 一点 应该 而且 只有 还是 由于 不是,拍照模糊/不清晰
充电 流畅 很快 外观 好看 指纹识别 自拍 不错 手机 双开 后盖 颜值 分屏 骁龙 听歌 微信 解锁 感觉 像素 触感 够用 指纹 摄像头 很漂亮 正题 前置 王者 拍照 荣耀 照相机 照亮 喇叭 简洁 购物 惊喜 拍摄 发热 实用 前方 灯光 清晰 重量 黑暗 满意 自动 性能 强大 金属 效果 快速 速度 属于 空间 系统 原因 非常 的话 看到 比较 一次 过程 那么 地方 不过 还是 出现 可能 进行 就是 没有,拍照模糊/不清晰
像素 照片 清晰 变得 越来越 以前 几个 那么 出来 没有,拍照模糊/不清晰
自拍 很快 像素 华为 送货 还行 充电 远处 放大 不行 手机 反应 有点 就是 没有,拍照模糊/不清晰
天前 下载 附件 次数 模式 离远 上传下载 一个角 搞不懂 正常 摄像头 上传 人像 求助 拍照 前两天 链接 重启 问题 复制 模糊 照片 检测 提示 全都 依然 看看 今天 一下 大家 一点 特别 存在 一直 需要 但是 情况,拍照模糊/不清晰
模糊 朋友圈 怎么回事 照片 图片 朋友 里面 看着 空间 怎么 还有,拍照模糊/不清晰
售后 特么 噪点 太坑 拍照 视频 模糊 有用 图片 讨论 几天 你们 问题 没有,拍照模糊/不清晰
视频 摄像头 老人 手机 太棒了 孩子 看人 前置 好久 三星 特意 模糊 送给 这个 清晰 满意 评价 想象 收到 简直 网上 观察 第一次 看着 无法 以前 用于 如此 东西 这么 为了 时候 主要,拍照模糊/不清晰
屏幕 解锁 拍照 清晰 不错 手机 配不上 看惯 指纹 质感 一般 流畅 外观 好看 可能 称号 对比 颜色 总体 很快 感觉 实际 来说 系统 原因 比较 不会 不过 还是 没有,拍照模糊/不清晰
凭良心讲 十张 不卡 机子 至少 单车 能用 骑着 两张 好歹 版本 软件 照片 随便 启动 那种 感觉 操作 回来 虽然 不能,拍照模糊/不清晰
费电 水印 相机 一刻 清晰 更新 感觉 之前 而且 问题 他们 没有,拍照模糊/不清晰
超清 前置 摄像头 模式 一部 没有 而且 但是,拍照模糊/不清晰
摄像头 前置 模糊 钢化 后置 可以 不好 一般 还有,拍照模糊/不清晰
没试 几张 包装 好几样 不过 气柱 不卡 个把月 噪点 快充 晚上 百分之六十 感觉 袋装 充电器 玩游戏 这个 待机 的话 特效 东西 王者 充电 荣耀 紧凑 不愧 五天 真个 还好 变形 一堆 舒服 电池 照片 白天 可以 没什么 满意 收到 信号 充满 关键 总体 不了 效果 放在 里面 很快 总是 真的 速度 操作 一天 服务 来说 一点 应该 那么 不会 还有 问题 起来 现在 自己 已经 一个,夜拍拍摄效果差
自拍 美颜 闪冲 功能 喜欢,美颜效果好
相册 怎么回事 照片 最近 突然,照片丢失
相册 有时候 照片 保存 图片 不到 为什么 还有,照片丢失
照片 拍照 斗图 胶卷 混在 相簿 相册 一堆 一起 依旧 搞个 放在 人类 鸡毛 零散 素材 链接 放入 讨厌 复制 下载 新建 讨论 唯一 位置 一个 不到 另外 所有 特别 存在 时候,照片丢失
拉长 相机 变形 放大 图片 手机 那种 应该 可以,相机功能少/弱
拍照 真坑 一秒 小米 延迟 手动 模糊 不行 手机 越来越 真的 一下 特别 超过,拍照模糊/不清晰
一刻 清晰,拍照模糊/不清晰
华为 丢失 文件夹 手机 删帖 原机 今后 此贴 顶配 桌面图片 截图 发帖人 部手机 系统 全部 自带 不靠 一次 粉丝 申诉 无果 李先生 相机 信赖 忠实 数次 一个多月 莫名其妙 缺陷 频率 商务 家人 一周 论坛 图片 不行 文件 绝对 曾经 之外 朋友 反应 最近 服务 严重 除了 选择 几乎 今天 不要 看到 上市 最后 不会 而且 作为 不能 出现 就是,照片丢失
微博 往届 截图 排位 应届 机型 高考 成绩 龙年 本帖 广东 投档 理科生 求进 像素 去年 证明文件 好找 总分 惠普 所发 老旧 韶关 腾飞 售后 上传 按钮 网页 中大 界面 分数 毕业生 无需 考生 在线 商店 尾巴 第三个 新浪 地址 社区 模糊 所在地 看起来 环节 可以 第二个 落后 看法 排名 数字 同一 图片 全省 编辑 最低 放在 实在 比如 不足 有点 时代 容易 建议 附近 选择 压力 支持 直接 觉得 比较 最后 还有 由于 这样 就是 中国 一个,拍照模糊/不清晰
美颜 绚彩 滤镜 首页 白皙 红润 最爱 模式 发表 功能 方向 不同,美颜效果好
荣耀 我耀 机包 刷成 备图 刷机 艾克斯 备份 差点 分享 下载 自动 图片 好像 操作 具体 原来 一下 所有 怎么 不会,照片丢失
美颜 最爱 乐园 效果,美颜效果好
美颜 绚彩 滤镜 首页 白皙 红润 最爱 模式 功能 方向 不同,美颜效果好
我要 新机 求助 照相机 买来 解答 多久 模糊 没有,拍照模糊/不清晰
拍照 响亮 适合 老人 清楚 声音 就是,拍照模糊/不清晰
美颜 绚彩 滤镜 首页 白皙 红润 最爱 模式 发表 功能 方向 不同,美颜效果好
小米 不防抖 骁龙 可圈可点 华为 大黑 人性化 液晶 相机 流畅 拍摄 欣赏 满意 一段时间 不错 手机 总体 唯一 喜欢 感觉 速度 这次 以前 系统 非常 很多 一直 还是 就是,相机功能少/弱
自拍 缩小 放大 无法,相机功能少/弱
全没 斗图 帮帮我 相册 为什么 如图所示 备份 大佬 小米 表情 哪个 图片 退出 没有,照片丢失
一充 夜拍 效果 欠佳 耐用 轻度 流畅 电池 清晰 更好 不错 总体 运行 一天 一点 显示 使用 还是,夜拍拍摄效果差
摄像头 京东 模糊 再也 竟然 根本,拍照模糊/不清晰
照相 不清,拍照模糊/不清晰
售后 楼主 问题 主板 通话 留机 检测 华为 出现 手机 个表 切换 手机卡 打电话 当然 挂断 联通 电话 客服 两张 硬件 故障 再次 更换 应付 移动 自动 五毛 被车撞 响铃 通知 机后 中主 高配 同个 官网 取机 特卡 转花 机在 备用机 无图 店次 吐槽 晚上 网通 去年 购机 现象 几件事 通高 杂音 频段 一个半月 摄像头 到货 亲身经历 全网 说谎 拍照 后于 申诉 荣耀 相机 纯属 接通 花粉 真能 标配 莫名 继续 被告 从没 留心 投诉 真相 两部 快要 不能 这种 告知 维修 交代 小区 不下 照片 查看 鉴于 频率 在家 出门 月初 一辈子 提示 地点 所在 错误 一段时间 一部 说完 设置 暂时 前后 对方 多次 几天 手中 至少 立即 有时 不足 联系 别人 一天 无法 解决 注意 之前 最高 回来 今天 后来 不要 一下 左右 一次 以上 之后 发现 时候 其他 包括 但是 还有 还是 开始 没有,相机功能少/弱
刚买 像素 相机 照相 模糊 以前 发现 时候 没有,拍照模糊/不清晰
美颜 绚彩 滤镜 首页 白皙 红润 最爱 模式 功能 方向 不同,美颜效果好
相机 滤镜 虚化 像素 功能 不错 手机 屏幕 好看 美颜 追评 实拍图 截屏 修图 魅蓝 机该 太暖 固件 录屏 小哥 解锁 一大部分 发货 快递 内存 后置 下课 太慢 自带 按键 前置 分辨率 人性化 以下几点 千元 荣耀 色调 远景 收音机 客服 其他 字体 虚拟 占用 多出 但是 流畅 苏宁 外观 密码 拍摄 缺点 优点 满意 各项 太多 前景 皮肤 协调 设置 不行 慢慢 大概 工具 专门 实在 反应 第一次 全面 整体 之前 以下 除了 了解 相对 很多 东西 有些 而且 以后 因为 这些 不是 自己 可以,相机功能少/弱
模糊 好差 怪怪的 摄像头 链接 复制 讨论 不如 出来,拍照模糊/不清晰
麦芒 拍照 对焦 高配 刚买 解决 摄像头 申诉 售后服务 镜头 老是 到手 问题 维修 请问 模糊 一遍 关键 打开 不了 效果 几天 资料 不好 功能 同样 不到 重新 原来 系统 月份 所有 你们 怎么 出来 两个 还是 这种 就是,相机功能少/弱
麦芒 拍照 对焦 高配 刚买 解决 摄像头 申诉 售后服务 镜头 老是 到手 问题 维修 请问 模糊 一遍 关键 打开 不了 效果 几天 资料 不好 功能 同样 不到 重新 原来 系统 月份 所有 你们 怎么 出来 两个 还是 这种 就是,拍照模糊/不清晰
照出来 雾蒙蒙 照片 手机 效果 不好 一点,拍照模糊/不清晰
美颜 最爱 乐园 效果,美颜效果好
华为 光线 操作速度 信号强度 弱时 充到 强时 一充 自动应答 效果 挺快 强项 越做越 旺旺 发货 重度 拍照 荣耀 懒得 客服 谈不上 可以 用户 机器 两天 手机 始终 满足 小时 应用 不好 服务 希望 之前 比较 左右 产品 一般 所以 一些 不是 这个,夜拍拍摄效果差
视频 晚上 清楚,摄像模糊
虚点 相机 照相 问题 手机 所有 最大 知道 这个,拍照模糊/不清晰
备份 联网 照片 自动 应该,相机功能少/弱
照片 相册 文件夹 解密 百度 重启 毫无 保存 不了 真的 没有,照片丢失
拍照 添加 照片 地点 一下 显示 时间 不能,相机功能少/弱
照片 不见,照片丢失
美颜 绚彩 滤镜 首页 白皙 红润 最爱 模式 发表 功能 方向 不同,美颜效果好
照片 隐私 放到 消失 手机 空间 然后,照片丢失
美颜 绚彩 滤镜 首页 白皙 红润 最爱 模式 发表 功能 方向 不同,美颜效果好
美颜 绚彩 滤镜 首页 白皙 红润 最爱 模式 发表 功能 方向 不同,美颜效果好
华为 骗人 拍照 屏幕 招牌 怪不得 标题 山寨 模糊 打着 纯粹 便宜 实际 整个 完全 这么 只有 就是,拍照模糊/不清晰
美颜 绚彩 滤镜 首页 白皙 红润 最爱 模式 发表 功能 方向 不同,美颜效果好
音效 装逼 够快 微信 远远不如 反应速度 声音 失真 摄像头 偏小 说真的 小米 通话 屏幕 比不上 播放 照相 买来 语音 聊天 垃圾 外观 缺点 好看 苹果 优点 清晰 音乐 手机 网上 后面 其余 难以 根本 几乎 甚至 那么 一般 这个 可以 没有,拍照模糊/不清晰
挺快 放歌 不卡 机子 正品 快递 沙哑 王者 拍照 充电 千元 好评 客服 喇叭 前天 收到 不错 手机 晚上 昨天 态度 运行 有点 功能 一天 稳定 一点 很多 觉得 东西 而且 一般 不过 就是 已经,相机功能少/弱
美颜 乐园 当然,美颜效果好
美颜 付完 像素 真不错 爱不释手 余款 下班 递给 收到 上午 效果 晚上 喜欢 真的,美颜效果好
搜题 更暗 闪光灯 软件 照片 频率 出来,拍照模糊/不清晰
注册 华为 手机 用户 生活照 那去 我近 相册 九号 今天 申诉 隐私 视频 段时间 请问 三月 好多 照片 程序 消失 不见 不了 为什么 突然 怎么 这是,照片丢失
全没 照片 睡醒 大神 求助 链接 在线 复制 怎么回事 昨晚 怎么办 好好 帮助 突然 今天 怎么 这样,照片丢失
维修点 摄像头 拆机 后盖 干净 灰蒙蒙 灰尘 时候 打开 后扣 卡槽 进灰 出后 泛白 之前 螺丝 已经 安好 直视 清晰可见 京东 指日可待 当时 申诉 检修 几颗 荣耀 拉出 屏幕 客服 入手 装修 视频 不忍 推迟 留意 值得一提的是 第二批 维修 清理 本地 看过 中旬 国庆 得知 一颗 即可 半个 很难 本人 网上 估计 昨天 小时 此时 人员 恢复 严重 现象 似乎 期间 几乎 一切 一下 完全 明显 只有 一般 不过 时间 出现 不是,拍照模糊/不清晰
照相 模糊,拍照模糊/不清晰
智灵键 夜景 照相 垃圾 完美 灯光 白天 可以 取消 真的 那个 一般 但是 还有 不是,夜拍拍摄效果差
水印 拍照 模式 加入 功能 建议 时间,相机功能少/弱
拍照片 相册 手机 之前 怎么 没有,照片丢失
美颜 乐园 当然,美颜效果好
拍照 相机 模糊 清楚 越来越 以前,拍照模糊/不清晰
美颜 绚彩 滤镜 首页 白皙 红润 最爱 模式 发表 功能 方向 不同,美颜效果好
美颜 乐园 当然,美颜效果好
摄像头 不太 清晰,拍照模糊/不清晰
摄像头 前置 清楚,拍照模糊/不清晰
拍照 上传下载 附件 高不高 不给力 拍字 小时 清楚 还行 几率 半小时 景色 电脑 更新 怎么样 文字 不错 多次 经常 样子 感觉 下去 后来 系统 直接 之后 不能 开始 不是 什么 主要 已经,拍照模糊/不清晰
模湖 照相,拍照模糊/不清晰
怎么回事 图片 不见 手机 突然,照片丢失
摄像头 华为 屏幕 大洋 维修站 说理 配件 下载 换机 一步 要换 气炸 我要 摔地 几天 时有时无 相册 办法 上传 拍照 申诉 手软 附件 荣耀 懒得 入手 维修 次数 模糊 打电话 什么 手上 走上 送到 主板 记录 保存 信号 慢慢 一看 手机 人家 肯定 之前 回来 原因 结果 使用 之后 发现 工作 影响 自己,拍照模糊/不清晰
美颜 最爱 乐园 效果,美颜效果好
照相 里边 动作 没有,相机功能少/弱
美颜 乐园 当然,美颜效果好
美颜 绚彩 滤镜 首页 白皙 红润 最爱 模式 发表 功能 方向 不同,美颜效果好
照片 手机 开启 同步 下载 大图 图库 不一会 找回 求助 怎么办 一个月 不见 到底 哪里 下来 今天 然后 怎么 只有 需要 没有,照片丢失
美颜 绚彩 滤镜 首页 白皙 红润 最爱 模式 功能 方向 不同,美颜效果好
美颜 最爱 乐园 效果,美颜效果好
清楚 舞台 舞台灯光 强光照 本帖 手机 拍亮些 拍下来 白茫茫 暗处 拍照 申诉 发现 根本无法 灯光 照片 表演 全是 演出 编辑 不管 儿子 无法 目标 建议 后来 关于 结果 最后 不能 还是 由于,拍照模糊/不清晰
比米 考验 之米 运存 四轴防抖 度会 真爱粉 基带 米粉 一大截 内存 输给 价格比 性价比 小米 总的来说 联通 光是 相机 一百 流畅 电信 好看 外形 自家 日常 可以 升级 的确 没有 配置 感觉 肯定 其实 支持 关于 的话 很多 使用 而且 以后 需要 时候 不过 时间 通过 这样 就是 已经,相机功能少/弱
开机 相片 关机 显示 照相机 请问 过后 一会 不到 只有 问题 什么,照片丢失
本人 重谢 手机 跪求 照片 必有 电池 帮忙 使用 更新 死机 同号 消失 闪退 微信 后称 内近 恢复 重要文件 开机 备份 内存 全部 关机 严重不足 上传 求助 大神 极其重要 批次 链接 客服 致电 问题 复制 小弟 大师 各位 崩溃 强制 苹果 更换 官方 连接 文件 有着 经常 直到 联系 意义 处理 无法 属于 解决 严重 只能 近期 之前 今天 一直 所以 因此 影响 由于 这些 进行,照片丢失
图片,照片丢失
相机 全景 丢失 拍摄 完毕 图片 停止 模式 工作,照片丢失
摊手 微笑 俊凯 同款 魅蓝 我该 大姑 学校 商厦 从小到大 一千多 视频 妹妹 半年 怀疑 第二次 外面 图片 两次 手机 留下 第一次 几个 所有 世界 这个 自己,照片丢失
会卡顿 无缘无故 照片 更新 感觉 系统 而且,照片丢失
照出来 模糊 总是 东西 特别,拍照模糊/不清晰
蓝绿 摄像头 后置 涂抹 同等 价位 照片 细节 清晰 不行 感觉 严重 知道 这样,拍照模糊/不清晰
更新 手机 排小 视屏 不顺心 摄像头 镜面 怎么 杂质 还有 好多 底下 清楚 看着 系统 很多 特别 一次 那么,摄像模糊
相机 照相 模糊,拍照模糊/不清晰
美颜 自拍 还好 模糊 没法 清楚,拍照模糊/不清晰
照相 白色 清楚 自然,拍照模糊/不清晰
照相 清晰,拍照模糊/不清晰
摄像头 前置 模糊 有时候,拍照模糊/不清晰
按键 不灵 照相 手机 清楚,拍照模糊/不清晰
相册 莫名其妙 删除 照片 消失 总是 为什么 情况 没有,照片丢失
摄像头 前置 拍照 模糊,拍照模糊/不清晰
清晰度 太低,拍照模糊/不清晰
玩意 照相 视频 照片 手机 不了,照片丢失
刚买 照相 清楚 时候 没有,拍照模糊/不清晰
相片 怎么办 不见 怎么 知道,照片丢失
钱得 几百块 模糊不清 视频 手机 不如 之前,摄像模糊
摄像头 后置 为什 镜片 前段时间 模糊 为什么 一下 怎么 还是,拍照模糊/不清晰
有定 相片 相机 地理位置 拍摄 找到 功能 希望,相机功能少/弱
拍照 清晰 图片,拍照模糊/不清晰
相机 调焦 拍照 光线 模糊 有时候 反倒 效果 不好 特别 时候 还有 情况 出现,拍照模糊/不清晰
后置 前置 相机 两张 模糊 清晰 觉得,拍照模糊/不清晰
视频 流水 马赛克 差劲 上传 录像 要不然 拍摄 多大 失望 全是 可惜 放大 区别 没有 不了 感觉 有点 功能 看看 一天 为什么 今天 你们 一样 部分 这是 这个 可以,摄像模糊
防抖动 无语 相机 满意,相机功能少/弱
美颜 购买 好快 合算 充电 耐用 分期 不错 手机 值得 效果 反应 脸上 清楚 一点 产品 最大,美颜效果好
手机 保修 摄像头 元宵节 模糊 今年 现在 这样 可以,拍照模糊/不清晰
长影 拍照 灯光 效果 晚上 怎么,夜拍拍摄效果差
充电 不值 太差 客服 真心 柔光 手机 太坑 闪退 双摄 长一智 老填坑 像素 正常 广告费 退货 三千多 一点 耳机 一千多 骗人 再也不会 拍照 而且 赠送 几分钟 没用 后悔 失望 一会 老百姓 充满 不行 一会儿 不如 更是 经常 本来 运行 不好 感觉 功能 现象 之前 除了 告诉 还有 不能 这样 没有,相机功能少/弱
相册 重启 照片 手机 全没 怎么回事,照片丢失
分屏 功能 拍照 太高 期望 喜欢 有点 这个,相机功能少/弱
摄像头 前面 后面 清楚 感觉 为什么 没有,拍照模糊/不清晰
用久 手机 拍照 一般般 不错 安卓 国产手机 挺快 缓存 通病 买来 流畅 毛病 光线 体验 毕竟 晚上 清楚 希望 系统 那么 不会 情况 还是 不是 就是 没有,夜拍拍摄效果差
水印 相机 照相 看不到 功能 为什么 时间 没有,相机功能少/弱
刚买 双摄 好用 前置 缘故 模糊 清晰 更新 效果 是不是 至少 之前 系统 这么 之后 还是 没有,拍照模糊/不清晰
有问必答 棒极了 很正 具好 头次 挺快 音质 东西 拍照 能用 客服 智能 白天 清晰 两天 颜色 心情 手机 晚上 态度 感觉 希望 不要 这么 问题 出现 可以,夜拍拍摄效果差
摄像 慢动作 不要 一个多月 拍摄 怎么回事 模糊 其它 简直 清楚 特别 问题 就是,摄像模糊
没好 超报 正品 迷你 照相 音响 星期 电池 评价 两天 喜欢 功能 只是 可以,相机功能少/弱
水印 摄像头 选择 单一 自拍 难道 功能 打个比方 希望 后置 拍照 多一些 摆设 相机 开水 但是 余地 不太 完美 满意 用户 过于 或许 没有 后面 完善 喜欢 只能 空间 之前 不要 比较 那么 发现 只是 时候 还有 不能 问题 开始,相机功能少/弱
右下角 相片 红外 带上 手机 功能 如何 使用 时间,相机功能少/弱
像素 还行 模糊 没想到 手机 就是,拍照模糊/不清晰
没法用 虚化 浏览器 什么 出错 直接 拍照 可可 老是 存储 问题 第三个 好多 英语 就是 拿到 下载 第二个 焦点 提示 设置 没有 后期 手机 效果 昨天 背景 功能 处理 一天 只能 很多 觉得 东西 出来 时候 但是 不能 出现 一个,相机功能少/弱
脸大 大眼 相机 女孩子 更新 怎么办 系列 功能 回来 怎么 没有,相机功能少/弱
棒棒 特别 拍照 真的 美颜 我要 像素 送过来 快递 男朋友 音响 不爱 哈哈 打电话 清晰 出门 好好 提前 不错 手机 她们 喜欢 因为,美颜效果好
摄像头 清晰 对焦 后置 太近 近距离 太远 拍摄 模糊 细节 感觉 大家 东西 问题,拍照模糊/不清晰
不错 美颜 能配 给力 摄像 非常 超强 售后服务 照亮 画面 清晰 这句 的确 效果 速度 介绍 并且 自然 出来 可以,美颜效果好
自拍 美颜 美美 买个 试用 背包 宝贝 评价 收到 第二次 自动 一段时间 强大 效果 姑娘 回去 购买 喜欢 还有 可以,美颜效果好
摄像头 后置 模糊 甚至 一般,拍照模糊/不清晰
水印 日期 照片 初心 功能 建议 拍出 拍照 失望 当初 更新 心情 购买 有点 加上 结果 对于 因为 就是 没有,相机功能少/弱
照出来 求助 相机 清晰 为什么 那么 一样 不会 他们,拍照模糊/不清晰
非常 失望 照片 旋转 卡屏 还卡屏 反应速度 之前 拍照 但是 算了 进步 质量 购买 真的 速度 无法 建议 除了 觉得 比较 不会 以后 继续 所以 这个 可以,相机功能少/弱
实体店 拍照 直播 清晰 手机 非常 还是,拍照模糊/不清晰
模糊 对焦 微距 拍微 我用 虚化 摄物 主物 时候 不管怎么 没用 帮忙 就是 网友 广大 不了 似的 背景 好像 特别 一直,拍照模糊/不清晰
再来评 还行 用过 照相 收到 总体 晚上 别的 昨天 清楚 感觉 之后 但是 不是,夜拍拍摄效果差
相册 加个 相片 照片 消失 手机 为什么 只是 问题,照片丢失
清晰 同感 相片 拍照 几张 不是 公园 网友 感觉 今天 知道,拍照模糊/不清晰
相册 备份 心塞 照片 更新 系统 很多 一次 怎么,照片丢失
买手机 连网 贪吃蛇 拍照 送给 清晰 老婆 想象 所说 晚上 有点 那么 根据 没有,夜拍拍摄效果差
非常 美颜 机子 喜欢 功能 发货 内置 充电 拆开 之后 到手 做工 立马 惊喜 超级 漂亮 满意 无论 一看 很快 速度 支持 特别 而且 方面,美颜效果好
后置 还糊 麻麻 前置 模糊 夜晚 白天 阳光 怀疑 一度 手机 是不是 之前 那么 这样 可以,夜拍拍摄效果差
放照 模糊 感觉,拍照模糊/不清晰
拍照 模糊 感觉 白雾 怎么回事 清晰 一层 四个 昨天 清楚 之前 突然 开始,拍照模糊/不清晰
虚化 摄像头 后置 先用 还好 不错 整体 东西 不能 就是,相机功能少/弱
外放 听筒 慎买 差评 微信 相信 真的 很差 懊恼 拍照 分辨率 吹得 语音 视频 浪费 明明 超级 好多 品质 失望 给出 清晰 混乱 天天 评论 品牌 模式 却是 本来 不好 重点 那些 应该 但是 这样 这个,摄像模糊
越是 模糊 近景 挺不错 摄像头 后置 大神 拍照 聚焦 指点 拍摄 帮忙 满意 一段时间 平时 效果 变得 最近 一下 可是 特别 而且 问题,拍照模糊/不清晰
拍近 照会 模糊 为什么 怎么,拍照模糊/不清晰
价位 细节 用料 柔光 本人 自拍 方面 拆机 音效 毕竟 听歌 这事别 双摄 金耳朵 彭于 防抖 咱用 补图 至少 确实 真的 很烦 这次 音箱 耳目一新 大牌 厚道 摄像头 棒子 最起码 有些 手感 舍弃 音色 先说 很想 照亮 饱满 秒杀 相符 有种 不予 精致 外观 对不起 苹果 冲动 在外 指望 广告 品质 失望 就是 这个 日后 清晰 对比 工艺 评论 评价 老婆 追求 音乐 看法 足够 两位 的确 边缘 从来 手机 不用 那种 所谓 不足 喜欢 内部 看看 不到 声音 重点 希望 这么 甚至 国际 地方 一些 还有 现在 认为 不是 一个,相机功能少/弱
指纹 辨识 红米 我用 新机 反应速度 换人 换手 备用 照相 输入 手机 不如 不了 两年 多次 几天 经常 反应 功能 操作 才能 成功 另外 一样 而且 需要 一般 还是 现在 没有,相机功能少/弱
长影 拍照 灯光 效果 晚上 怎么,夜拍拍摄效果差
照相 清晰 不好 功能,拍照模糊/不清晰
瘦脸 像素 专卖店 完美 更好 前面 后面 不管 喜欢 功能 如果,相机功能少/弱
美颜 不太灵 解锁 指纹 拍照 相机 视频 模糊 有时 东西 比较 一般 可以,摄像模糊
磨砂 摄像头 居然 照出来 相片 那个 模糊 满意 后面 其他 就是 可以,拍照模糊/不清晰
摄像头 后置 模糊 放大 手机,拍照模糊/不清晰
删除 照片 自动 为什么,照片丢失
拍照 更新 容易 机型 讨论,拍照模糊/不清晰
更新 耗电 高清 网页 链接 格式 解决问题 摄影 社区 更换 模糊 官方 清楚 之后 时候 还有 问题,摄像模糊
拍照 上传下载 附件 小时 高不高 不给力 拍字 清楚 还行 几率 景色 电脑 更新 怎么样 文字 不错 多次 经常 样子 感觉 下去 后来 系统 直接 之后 不能 开始 不是 什么 主要 已经,拍照模糊/不清晰
拍照 别选 爱湿 夜拍 魅族 出去玩 不爽 一塌糊涂 没错 发现 时候 已经,夜拍拍摄效果差
视频 拍摄 模糊 软件,摄像模糊
相册 相片 不见 手机 怎么,照片丢失
自拍 怎么回事 模糊,拍照模糊/不清晰
拍照 手机 清楚,拍照模糊/不清晰
相机 为啥 模糊,拍照模糊/不清晰
问下 我想 摄像头 模糊 手机,拍照模糊/不清晰
太茨 红米 照相 不如 功能,相机功能少/弱
内存 可以 自拍 美颜 手机 一天 挺大 实际 希望 够用 摄像头 嫌弃 电量 说真的 男生 只有 厚重 信赖 储存 刚好 节约 好看 用户 合适 收到 差不多 好好 习惯 放心 其次 而言 本来 运行 有点 下去 正常 之前 系统 的话 应该 一直 对于 一般 不过 所以 还有 还是 由于 这些 这样 就是 这个 我们,美颜效果好
对焦 相机 抖动 模糊 不好 一点,拍照模糊/不清晰
相素 更新 刚买 拍照 模糊 每次 变得 有点 之后 时候 现在,拍照模糊/不清晰
两天 费电 手机 不卡 听歌 快速 像素 正品 原装 音质 到货 拍照 耐用 屏幕 视频 电池 模糊 物流 清晰 满意 评价 不错 反应 有点 非常 一般 其他 就是 可以,拍照模糊/不清晰
手机 不能不要 像素 退货 拍照 不得了 垃圾 说实话 还好 模糊 照片 年前 不想 购买 本来 第一次 一直 没有,拍照模糊/不清晰
客服 黑屏 咨询 自拍 手机 转不开 微信 卸载 发黄 连发 卫士 还是 还原 画面 星期 模糊 回复 下载 图片 设置 进去 符合 几天 状况 经常 反应 退出 过来 只能 结果 过去 左右 之后 发现 出来 时候 问题 这些 没有 一个,拍照模糊/不清晰
手机 数太差 小米 一个多月 失望 照片 清晰 不如 感觉 这次,拍照模糊/不清晰
